"Name","Type","Data"
"NETDIS-UPnPHost-Out-TCP","String","v2.31|Action=Allow|Active=FALSE|Dir=Out|Protocol=6|RPort=2869|App=System|Name=@FirewallAPI.dll,-32765|Desc=@FirewallAPI.dll,-32768|EmbedCtxt=@FirewallAPI.dll,-32752|"
"Microsoft-Windows-PeerDist-HostedServer-Out","String","v2.31|Action=Allow|Active=FALSE|Dir=Out|Protocol=6|LPort=80|LPort=443|App=SYSTEM|Name=@peerdistsh.dll,-10005|Desc=@peerdistsh.dll,-11005|EmbedCtxt=@peerdistsh.dll,-9002|"
"PlayTo-QWave-Out-TCP-PlayToScope","String","v2.31|Action=Allow|Active=TRUE|Dir=Out|Protocol=6|Profile=Private|Profile=Public|RPort=2177|RA42=Ply2Renders|RA62=Ply2Renders|App=%SystemRoot%\system32\svchost.exe|Svc=Qwave|Name=@FirewallAPI.dll,-36016|Desc=@FirewallAPI.dll,-36017|EmbedCtxt=@FirewallAPI.dll,-36001|"
"MSDTC-Out-TCP","String","v2.31|Action=Allow|Active=FALSE|Dir=Out|Protocol=6|App=%SystemRoot%\system32\msdtc.exe|Name=@FirewallAPI.dll,-33507|Desc=@FirewallAPI.dll,-33510|EmbedCtxt=@FirewallAPI.dll,-33502|"
"RRAS-L2TP-Out-UDP","String","v2.31|Action=Allow|Active=FALSE|Dir=Out|Protocol=17|RPort=1701|App=System|Name=@FirewallAPI.dll,-33757|Desc=@FirewallAPI.dll,-33760|EmbedCtxt=@FirewallAPI.dll,-33752|"
"CoreNet-ICMP6-PTB-Out","String","v2.31|Action=Allow|Active=TRUE|Dir=Out|Protocol=58|ICMP6=2:*|App=System|Name=@FirewallAPI.dll,-25002|Desc=@FirewallAPI.dll,-25007|EmbedCtxt=@FirewallAPI.dll,-25000|"
"NETDIS-NB_Datagram-Out-UDP","String","v2.31|Action=Allow|Active=FALSE|Dir=Out|Protocol=17|RPort=138|App=System|Name=@FirewallAPI.dll,-32781|Desc=@FirewallAPI.dll,-32784|EmbedCtxt=@FirewallAPI.dll,-32752|"
"NETDIS-NB_Name-Out-UDP","String","v2.31|Action=Allow|Active=FALSE|Dir=Out|Protocol=17|RPort=137|App=System|Name=@FirewallAPI.dll,-32773|Desc=@FirewallAPI.dll,-32776|EmbedCtxt=@FirewallAPI.dll,-32752|"
"RemoteEventLogSvc-In-TCP","String","v2.31|Action=Allow|Active=FALSE|Dir=In|Protocol=6|LPort=RPC|App=%SystemRoot%\system32\svchost.exe|Svc=Eventlog|Name=@FirewallAPI.dll,-29253|Desc=@FirewallAPI.dll,-29256|EmbedCtxt=@FirewallAPI.dll,-29252|"
"CoreNet-IPv6-In","String","v2.31|Action=Allow|Active=TRUE|Dir=In|Protocol=41|App=System|Name=@FirewallAPI.dll,-25351|Desc=@FirewallAPI.dll,-25357|EmbedCtxt=@FirewallAPI.dll,-25000|"
"NETDIS-LLMNR-In-UDP","String","v2.31|Action=Allow|Active=FALSE|Dir=In|Protocol=17|LPort=5355|RA4=LocalSubnet|RA6=LocalSubnet|App=%SystemRoot%\system32\svchost.exe|Svc=dnscache|Name=@FirewallAPI.dll,-32801|Desc=@FirewallAPI.dll,-32804|EmbedCtxt=@FirewallAPI.dll,-32752|"
"RemoteDesktop-In-TCP-WS","String","v2.31|Action=Allow|Active=FALSE|Dir=In|Protocol=6|LPort=3387|App=System|Name=@FirewallAPI.dll,-28780|Desc=@FirewallAPI.dll,-28781|EmbedCtxt=@FirewallAPI.dll,-28782|"
"SNMPTRAP-In-UDP","String","v2.31|Action=Allow|Active=FALSE|Dir=In|Protocol=17|Profile=Private|Profile=Public|LPort=162|RA4=LocalSubnet|RA6=LocalSubnet|App=%SystemRoot%\system32\snmptrap.exe|Svc=SNMPTRAP|Name=@firewallapi.dll,-50327|Desc=@firewallapi.dll,-50328|EmbedCtxt=@firewallapi.dll,-50323|"
"RemoteEventLogSvc-NP-In-TCP","String","v2.31|Action=Allow|Active=FALSE|Dir=In|Protocol=6|LPort=445|App=System|Name=@FirewallAPI.dll,-29257|Desc=@FirewallAPI.dll,-29260|EmbedCtxt=@FirewallAPI.dll,-29252|"
"DeliveryOptimization-UDP-In","String","v2.31|Action=Allow|Active=TRUE|Dir=In|Protocol=17|LPort=7680|App=%SystemRoot%\system32\svchost.exe|Svc=dosvc|Name=@%systemroot%\system32\dosvc.dll,-103|Desc=@%systemroot%\system32\dosvc.dll,-104|EmbedCtxt=@%systemroot%\system32\dosvc.dll,-100|Edge=TRUE|"
"MDNS-Out-UDP-Domain-Active","String","v2.31|Action=Allow|Active=TRUE|Dir=Out|Protocol=17|Profile=Domain|RPort=5353|App=%SystemRoot%\system32\svchost.exe|Svc=dnscache|Name=@%SystemRoot%\system32\firewallapi.dll,-37305|Desc=@%SystemRoot%\system32\firewallapi.dll,-37306|EmbedCtxt=@%SystemRoot%\system32\firewallapi.dll,-37302|"
"Microsoft-Windows-PeerDist-WSD-In","String","v2.31|Action=Allow|Active=FALSE|Dir=In|Protocol=17|LPort=3702|RA4=LocalSubnet|RA6=LocalSubnet|App=%systemroot%\system32\svchost.exe|Svc=PeerDistSvc|Name=@peerdistsh.dll,-10002|Desc=@peerdistsh.dll,-11002|EmbedCtxt=@peerdistsh.dll,-9001|"
"PlayTo-In-UDP-LocalSubnetScope","String","v2.31|Action=Allow|Active=TRUE|Dir=In|Protocol=17|Profile=Private|RA4=LocalSubnet|RA6=LocalSubnet|App=%SystemRoot%\system32\mdeserver.exe|Name=@FirewallAPI.dll,-36004|Desc=@FirewallAPI.dll,-36005|EmbedCtxt=@FirewallAPI.dll,-36001|"
"CoreNet-ICMP6-PP-Out","String","v2.31|Action=Allow|Active=TRUE|Dir=Out|Protocol=58|ICMP6=4:*|App=System|Name=@FirewallAPI.dll,-25117|Desc=@FirewallAPI.dll,-25118|EmbedCtxt=@FirewallAPI.dll,-25000|"
"CoreNet-ICMP6-RA-In","String","v2.31|Action=Allow|Active=TRUE|Dir=In|Protocol=58|ICMP6=134:*|RA6=fe80::/64|App=System|Name=@FirewallAPI.dll,-25012|Desc=@FirewallAPI.dll,-25018|EmbedCtxt=@FirewallAPI.dll,-25000|"
"CoreNet-ICMP4-DUFRAG-In","String","v2.31|Action=Allow|Active=TRUE|Dir=In|Protocol=1|ICMP4=3:4|App=System|Name=@FirewallAPI.dll,-25251|Desc=@FirewallAPI.dll,-25257|EmbedCtxt=@FirewallAPI.dll,-25000|"
"CoreNet-DHCP-In","String","v2.31|Action=Allow|Active=TRUE|Dir=In|Protocol=17|LPort=68|RPort=67|App=%SystemRoot%\system32\svchost.exe|Svc=dhcp|Name=@FirewallAPI.dll,-25301|Desc=@FirewallAPI.dll,-25303|EmbedCtxt=@FirewallAPI.dll,-25000|"
"RRAS-GRE-In","String","v2.31|Action=Allow|Active=FALSE|Dir=In|Protocol=47|App=System|Name=@FirewallAPI.dll,-33769|Desc=@FirewallAPI.dll,-33772|EmbedCtxt=@FirewallAPI.dll,-33752|"
"TPMVSCMGR-RPCSS-In-TCP-NoScope","String","v2.31|Action=Allow|Active=FALSE|Dir=In|Protocol=6|Profile=Domain|LPort=135|App=%SystemRoot%\system32\svchost.exe|Svc=rpcss|Name=@FirewallAPI.dll,-36502|Desc=@FirewallAPI.dll,-36503|EmbedCtxt=@FirewallAPI.dll,-36501|"
"FPS-SpoolSvc-In-TCP","String","v2.31|Action=Allow|Active=FALSE|Dir=In|Protocol=6|LPort=RPC|App=%SystemRoot%\system32\spoolsv.exe|Svc=Spooler|Name=@FirewallAPI.dll,-28535|Desc=@FirewallAPI.dll,-28538|EmbedCtxt=@FirewallAPI.dll,-28502|"
"PlayTo-Out-UDP-PlayToScope","String","v2.31|Action=Allow|Active=TRUE|Dir=Out|Protocol=17|Profile=Public|RA42=Ply2Renders|RA62=Ply2Renders|App=%SystemRoot%\system32\mdeserver.exe|Name=@FirewallAPI.dll,-36006|Desc=@FirewallAPI.dll,-36007|EmbedCtxt=@FirewallAPI.dll,-36001|"
"FPS-SMBQ-Out-UDP","String","v2.31|Action=Allow|Active=FALSE|Dir=Out|Protocol=17|RPort=443|App=System|Name=@FirewallAPI.dll,-28655|Desc=@FirewallAPI.dll,-28656|EmbedCtxt=@FirewallAPI.dll,-28652|"
"CoreNet-DHCPV6-In","String","v2.31|Action=Allow|Active=TRUE|Dir=In|Protocol=17|LPort=546|RPort=547|App=%SystemRoot%\system32\svchost.exe|Svc=dhcp|Name=@FirewallAPI.dll,-25304|Desc=@FirewallAPI.dll,-25306|EmbedCtxt=@FirewallAPI.dll,-25000|"
"MSDTC-KTMRM-In-TCP","String","v2.31|Action=Allow|Active=FALSE|Dir=In|Protocol=6|LPort=RPC|App=%SystemRoot%\system32\svchost.exe|Svc=ktmrm|Name=@FirewallAPI.dll,-33511|Desc=@FirewallAPI.dll,-33512|EmbedCtxt=@FirewallAPI.dll,-33502|"
"PlayTo-Out-UDP-LocalSubnetScope","String","v2.31|Action=Allow|Active=TRUE|Dir=Out|Protocol=17|Profile=Private|RA4=LocalSubnet|RA6=LocalSubnet|App=%SystemRoot%\system32\mdeserver.exe|Name=@FirewallAPI.dll,-36006|Desc=@FirewallAPI.dll,-36007|EmbedCtxt=@FirewallAPI.dll,-36001|"
"FPS-ICMP4-ERQ-Out","String","v2.31|Action=Allow|Active=FALSE|Dir=Out|Protocol=1|ICMP4=8:*|App=System|Name=@FirewallAPI.dll,-28544|Desc=@FirewallAPI.dll,-28547|EmbedCtxt=@FirewallAPI.dll,-28502|"
"Wininit-Shutdown-In-Rule-TCP-RPC","String","v2.31|Action=Allow|Active=FALSE|Dir=In|Protocol=6|LPort=RPC|App=%systemroot%\system32\wininit.exe|Name=@firewallapi.dll,-36753|Desc=@firewallapi.dll,-36754|EmbedCtxt=@firewallapi.dll,-36751|"
"NETDIS-UPnP-Out-TCP","String","v2.31|Action=Allow|Active=FALSE|Dir=Out|Protocol=6|RPort=2869|RA4=LocalSubnet|RA6=LocalSubnet|App=%SystemRoot%\system32\svchost.exe|Svc=upnphost|Name=@FirewallAPI.dll,-32821|Desc=@FirewallAPI.dll,-32822|EmbedCtxt=@FirewallAPI.dll,-32752|"
"MsiScsi-Out-TCP","String","v2.31|Action=Allow|Active=FALSE|Dir=Out|Protocol=6|App=%SystemRoot%\system32\svchost.exe|Svc=Msiscsi|Name=@FirewallAPI.dll,-29007|Desc=@FirewallAPI.dll,-29010|EmbedCtxt=@FirewallAPI.dll,-29002|"
"PlayTo-In-UDP-NoScope","String","v2.31|Action=Allow|Active=TRUE|Dir=In|Protocol=17|Profile=Domain|App=%SystemRoot%\system32\mdeserver.exe|Name=@FirewallAPI.dll,-36004|Desc=@FirewallAPI.dll,-36005|EmbedCtxt=@FirewallAPI.dll,-36001|"
"FPS-SMB-Out-TCP","String","v2.31|Action=Allow|Active=FALSE|Dir=Out|Protocol=6|RPort=445|App=System|Name=@FirewallAPI.dll,-28515|Desc=@FirewallAPI.dll,-28518|EmbedCtxt=@FirewallAPI.dll,-28502|"
"Microsoft-Windows-PeerDist-HostedServer-In","String","v2.31|Action=Allow|Active=FALSE|Dir=In|Protocol=6|LPort=80|LPort=443|App=SYSTEM|Name=@peerdistsh.dll,-10004|Desc=@peerdistsh.dll,-11004|EmbedCtxt=@peerdistsh.dll,-9002|"
"CoreNet-ICMP6-RS-Out","String","v2.31|Action=Allow|Active=TRUE|Dir=Out|Protocol=58|ICMP6=133:*|RA6=LocalSubnet|RA6=fe80::/64|RA6=ff02::2|App=System|Name=@FirewallAPI.dll,-25008|Desc=@FirewallAPI.dll,-25011|EmbedCtxt=@FirewallAPI.dll,-25000|"
"CoreNet-ICMP6-NDS-In","String","v2.31|Action=Allow|Active=TRUE|Dir=In|Protocol=58|ICMP6=135:*|App=System|Name=@FirewallAPI.dll,-25019|Desc=@FirewallAPI.dll,-25025|EmbedCtxt=@FirewallAPI.dll,-25000|Edge=TRUE|"
"EventForwarder-RPCSS-In-TCP","String","v2.31|Action=Allow|Active=FALSE|Dir=In|Protocol=6|LPort=RPC-EPMap|App=%SystemRoot%\system32\svchost.exe|Svc=RPCSS|Name=@FirewallAPI.dll,-36804|Desc=@FirewallAPI.dll,-36805|EmbedCtxt=@FirewallAPI.dll,-36801|"
"PlayTo-In-RTSP-NoScope","String","v2.31|Action=Allow|Active=TRUE|Dir=In|Protocol=6|Profile=Domain|LPort=23554|LPort=23555|LPort=23556|App=%SystemRoot%\system32\mdeserver.exe|Name=@FirewallAPI.dll,-36008|Desc=@FirewallAPI.dll,-36009|EmbedCtxt=@FirewallAPI.dll,-36001|"
"RVM-RPCSS-In-TCP","String","v2.31|Action=Allow|Active=FALSE|Dir=In|Protocol=6|LPort=RPC-EPMap|App=%SystemRoot%\system32\svchost.exe|Svc=RPCSS|Name=@FirewallAPI.dll,-34506|Desc=@FirewallAPI.dll,-34507|EmbedCtxt=@FirewallAPI.dll,-34501|"
"NVS-FrameServer-In-UDP-NoScope","String","v2.31|Action=Allow|Active=TRUE|Dir=In|Protocol=17|LPort2_10=5000-5020|RA4=LocalSubnet|RA6=LocalSubnet|App=%SystemRoot%\system32\svchost.exe|Svc=FrameServer|Name=@FirewallAPI.dll,-54006|Desc=@FirewallAPI.dll,-54007|EmbedCtxt=@FirewallAPI.dll,-54001|"
"CoreNet-ICMP6-LR2-Out","String","v2.31|Action=Allow|Active=TRUE|Dir=Out|Protocol=58|ICMP6=143:*|RA6=LocalSubnet|App=System|Name=@FirewallAPI.dll,-25076|Desc=@FirewallAPI.dll,-25081|EmbedCtxt=@FirewallAPI.dll,-25000|"
"CoreNet-Diag-ICMP6-EchoRequest-Out","String","v2.31|Action=Allow|Active=FALSE|Dir=Out|Protocol=58|Profile=Private|Profile=Public|ICMP6=128:*|RA6=LocalSubnet|App=System|Name=@FirewallAPI.dll,-27004|Desc=@FirewallAPI.dll,-27005|EmbedCtxt=@FirewallAPI.dll,-27000|"
"EventForwarder-In-TCP","String","v2.31|Action=Allow|Active=FALSE|Dir=In|Protocol=6|LPort=RPC|App=%SystemRoot%\system32\NetEvtFwdr.exe|Name=@FirewallAPI.dll,-36802|Desc=@FirewallAPI.dll,-36803|EmbedCtxt=@FirewallAPI.dll,-36801|"
"Microsoft-Windows-Enrollment-WinRT-TCP-Out","String","v2.31|Action=Allow|Active=TRUE|Dir=Out|Protocol=6|App=%SystemRoot%\system32\svchost.exe|Svc=DmEnrollmentSvc|Name=@FirewallAPI.dll,-37505|Desc=@FirewallAPI.dll,-37506|EmbedCtxt=@FirewallAPI.dll,-37502|"
"SNMPTRAP-In-UDP-NoScope","String","v2.31|Action=Allow|Active=FALSE|Dir=In|Protocol=17|Profile=Domain|LPort=162|App=%SystemRoot%\system32\snmptrap.exe|Svc=SNMPTRAP|Name=@firewallapi.dll,-50327|Desc=@firewallapi.dll,-50328|EmbedCtxt=@firewallapi.dll,-50323|"
"WMI-ASYNC-In-TCP","String","v2.31|Action=Allow|Active=FALSE|Dir=In|Protocol=6|App=%systemroot%\system32\wbem\unsecapp.exe|Name=@FirewallAPI.dll,-34256|Desc=@FirewallAPI.dll,-34257|EmbedCtxt=@FirewallAPI.dll,-34251|"
"CoreNet-Diag-ICMP4-EchoRequest-Out-NoScope","String","v2.31|Action=Allow|Active=FALSE|Dir=Out|Protocol=1|Profile=Domain|ICMP4=8:*|App=System|Name=@FirewallAPI.dll,-27002|Desc=@FirewallAPI.dll,-27005|EmbedCtxt=@FirewallAPI.dll,-27000|"
"MDNS-Out-UDP-Public-Active","String","v2.31|Action=Allow|Active=TRUE|Dir=Out|Protocol=17|Profile=Public|RPort=5353|RA4=LocalSubnet|RA6=LocalSubnet|App=%SystemRoot%\system32\svchost.exe|Svc=dnscache|Name=@%SystemRoot%\system32\firewallapi.dll,-37305|Desc=@%SystemRoot%\system32\firewallapi.dll,-37306|EmbedCtxt=@%SystemRoot%\system32\firewallapi.dll,-37302|"
"WMI-WINMGMT-In-TCP","String","v2.31|Action=Allow|Active=FALSE|Dir=In|Protocol=6|App=%SystemRoot%\system32\svchost.exe|Svc=winmgmt|Name=@FirewallAPI.dll,-34254|Desc=@FirewallAPI.dll,-34255|EmbedCtxt=@FirewallAPI.dll,-34251|"
"WINRM-HTTP-In-TCP","String","v2.31|Action=Allow|Active=TRUE|Dir=In|Protocol=6|Profile=Domain|Profile=Private|LPort=5985|App=System|Name=@FirewallAPI.dll,-30253|Desc=@FirewallAPI.dll,-30256|EmbedCtxt=@FirewallAPI.dll,-30267|"
"PlayTo-QWave-In-UDP-PlayToScope","String","v2.31|Action=Allow|Active=TRUE|Dir=In|Protocol=17|Profile=Private|Profile=Public|LPort=2177|RA42=Ply2Renders|RA62=Ply2Renders|App=%SystemRoot%\system32\svchost.exe|Svc=Qwave|Name=@FirewallAPI.dll,-36010|Desc=@FirewallAPI.dll,-36011|EmbedCtxt=@FirewallAPI.dll,-36001|"
"RemoteFwAdmin-RPCSS-In-TCP","String","v2.31|Action=Allow|Active=FALSE|Dir=In|Protocol=6|LPort=RPC-EPMap|App=%SystemRoot%\system32\svchost.exe|Svc=RPCSS|Name=@FirewallAPI.dll,-30007|Desc=@FirewallAPI.dll,-30010|EmbedCtxt=@FirewallAPI.dll,-30002|"
"PerfLogsAlerts-PLASrv-In-TCP","String","v2.31|Action=Allow|Active=FALSE|Dir=In|Protocol=6|Profile=Private|Profile=Public|RA4=LocalSubnet|RA6=LocalSubnet|App=%systemroot%\system32\plasrv.exe|Name=@FirewallAPI.dll,-34753|Desc=@FirewallAPI.dll,-34754|EmbedCtxt=@FirewallAPI.dll,-34752|"
"DeliveryOptimization-TCP-In","String","v2.31|Action=Allow|Active=TRUE|Dir=In|Protocol=6|LPort=7680|App=%SystemRoot%\system32\svchost.exe|Svc=dosvc|Name=@%systemroot%\system32\dosvc.dll,-102|Desc=@%systemroot%\system32\dosvc.dll,-104|EmbedCtxt=@%systemroot%\system32\dosvc.dll,-100|Edge=TRUE|"
"NETDIS-NB_Name-In-UDP","String","v2.31|Action=Allow|Active=FALSE|Dir=In|Protocol=17|LPort=137|App=System|Name=@FirewallAPI.dll,-32769|Desc=@FirewallAPI.dll,-32772|EmbedCtxt=@FirewallAPI.dll,-32752|"
"Microsoft-Windows-DeviceManagement-CertificateInstall-TCP-Out","String","v2.31|Action=Allow|Active=TRUE|Dir=Out|Protocol=6|App=%SystemRoot%\system32\dmcertinst.exe|Name=@FirewallAPI.dll,-37507|Desc=@FirewallAPI.dll,-37508|EmbedCtxt=@FirewallAPI.dll,-37502|"
"vm-monitoring-rpc","String","v2.31|Action=Allow|Active=FALSE|Dir=In|Protocol=6|LPort=RPC|App=%SystemRoot%\system32\svchost.exe|Svc=Schedule|Name=@%SystemRoot%\system32\icsvc.dll,-707|Desc=@%SystemRoot%\system32\icsvc.dll,-708|EmbedCtxt=@%SystemRoot%\system32\icsvc.dll,-700|"
"FPS-NB_Name-In-UDP","String","v2.31|Action=Allow|Active=FALSE|Dir=In|Protocol=17|LPort=137|App=System|Name=@FirewallAPI.dll,-28519|Desc=@FirewallAPI.dll,-28522|EmbedCtxt=@FirewallAPI.dll,-28502|"
"CoreNet-ICMP6-LD-Out","String","v2.31|Action=Allow|Active=TRUE|Dir=Out|Protocol=58|ICMP6=132:*|RA6=LocalSubnet|App=System|Name=@FirewallAPI.dll,-25083|Desc=@FirewallAPI.dll,-25088|EmbedCtxt=@FirewallAPI.dll,-25000|"
"RRAS-PPTP-In-TCP","String","v2.31|Action=Allow|Active=FALSE|Dir=In|Protocol=6|LPort=1723|App=System|Name=@FirewallAPI.dll,-33765|Desc=@FirewallAPI.dll,-33768|EmbedCtxt=@FirewallAPI.dll,-33752|"
"RVM-VDS-In-TCP","String","v2.31|Action=Allow|Active=FALSE|Dir=In|Protocol=6|LPort=RPC|App=%SystemRoot%\system32\vds.exe|Svc=vds|Name=@FirewallAPI.dll,-34502|Desc=@FirewallAPI.dll,-34503|EmbedCtxt=@FirewallAPI.dll,-34501|"
"MsiScsi-In-TCP","String","v2.31|Action=Allow|Active=FALSE|Dir=In|Protocol=6|App=%SystemRoot%\system32\svchost.exe|Svc=Msiscsi|Name=@FirewallAPI.dll,-29003|Desc=@FirewallAPI.dll,-29006|EmbedCtxt=@FirewallAPI.dll,-29002|"
"TPMVSCMGR-Server-In-TCP-NoScope","String","v2.31|Action=Allow|Active=FALSE|Dir=In|Protocol=6|Profile=Domain|App=%SystemRoot%\system32\RmtTpmVscMgrSvr.exe|Name=@FirewallAPI.dll,-36504|Desc=@FirewallAPI.dll,-36505|EmbedCtxt=@FirewallAPI.dll,-36501|"
"CoreNet-Teredo-Out","String","v2.31|Action=Allow|Active=TRUE|Dir=Out|Protocol=17|App=%SystemRoot%\system32\svchost.exe|Svc=iphlpsvc|Name=@FirewallAPI.dll,-25327|Desc=@FirewallAPI.dll,-25333|EmbedCtxt=@FirewallAPI.dll,-25000|"
"WMI-WINMGMT-Out-TCP","String","v2.31|Action=Allow|Active=FALSE|Dir=Out|Protocol=6|App=%SystemRoot%\system32\svchost.exe|Svc=winmgmt|Name=@FirewallAPI.dll,-34258|Desc=@FirewallAPI.dll,-34259|EmbedCtxt=@FirewallAPI.dll,-34251|"
"vm-monitoring-dcom","String","v2.31|Action=Allow|Active=FALSE|Dir=In|Protocol=6|LPort=135|App=%SystemRoot%\system32\svchost.exe|Svc=RpcSs|Name=@%SystemRoot%\system32\icsvc.dll,-709|Desc=@%SystemRoot%\system32\icsvc.dll,-710|EmbedCtxt=@%SystemRoot%\system32\icsvc.dll,-700|"
"CoreNet-ICMP6-RS-In","String","v2.31|Action=Allow|Active=TRUE|Dir=In|Protocol=58|ICMP6=133:*|App=System|Name=@FirewallAPI.dll,-25009|Desc=@FirewallAPI.dll,-25011|EmbedCtxt=@FirewallAPI.dll,-25000|"
"WMI-RPCSS-In-TCP","String","v2.31|Action=Allow|Active=FALSE|Dir=In|Protocol=6|LPort=135|App=%SystemRoot%\system32\svchost.exe|Svc=rpcss|Name=@FirewallAPI.dll,-34252|Desc=@FirewallAPI.dll,-34253|EmbedCtxt=@FirewallAPI.dll,-34251|"
"NETDIS-WSDEVNTS-Out-TCP","String","v2.31|Action=Allow|Active=FALSE|Dir=Out|Protocol=6|RPort=5358|App=System|Name=@FirewallAPI.dll,-32815|Desc=@FirewallAPI.dll,-32816|EmbedCtxt=@FirewallAPI.dll,-32752|"
"PlayTo-QWave-Out-UDP-PlayToScope","String","v2.31|Action=Allow|Active=TRUE|Dir=Out|Protocol=17|Profile=Private|Profile=Public|RPort=2177|RA42=Ply2Renders|RA62=Ply2Renders|App=%SystemRoot%\system32\svchost.exe|Svc=Qwave|Name=@FirewallAPI.dll,-36012|Desc=@FirewallAPI.dll,-36013|EmbedCtxt=@FirewallAPI.dll,-36001|"
"RemoteDesktop-In-TCP-WSS","String","v2.31|Action=Allow|Active=FALSE|Dir=In|Protocol=6|LPort=3392|App=System|Name=@FirewallAPI.dll,-28783|Desc=@FirewallAPI.dll,-28784|EmbedCtxt=@FirewallAPI.dll,-28782|"
"FPS-NB_Session-Out-TCP","String","v2.31|Action=Allow|Active=FALSE|Dir=Out|Protocol=6|RPort=139|App=System|Name=@FirewallAPI.dll,-28507|Desc=@FirewallAPI.dll,-28510|EmbedCtxt=@FirewallAPI.dll,-28502|"
"CoreNet-GP-LSASS-Out-TCP","String","v2.31|Action=Allow|Active=TRUE|Dir=Out|Protocol=6|Profile=Domain|App=%SystemRoot%\system32\lsass.exe|Name=@FirewallAPI.dll,-25407|Desc=@FirewallAPI.dll,-25408|EmbedCtxt=@FirewallAPI.dll,-25000|"
"SPPSVC-In-TCP","String","v2.31|Action=Allow|Active=FALSE|Dir=In|Protocol=6|LPort=1688|App=%SystemRoot%\system32\sppextcomobj.exe|Svc=sppsvc|Name=@FirewallAPI.dll,-28003|Desc=@FirewallAPI.dll,-28006|EmbedCtxt=@FirewallAPI.dll,-28002|"
"FPSSMBD-iWARP-In-TCP","String","v2.31|Action=Allow|Active=FALSE|Dir=In|Protocol=6|LPort=5445|App=System|Name=@FirewallAPI.dll,-28603|Desc=@FirewallAPI.dll,-28606|EmbedCtxt=@FirewallAPI.dll,-28602|"
"DIAL-Protocol-Server-In-TCP-NoScope","String","v2.31|Action=Allow|Active=TRUE|Dir=In|Protocol=6|Profile=Domain|LPort=10247|App=System|Name=@FirewallAPI.dll,-37102|Desc=@FirewallAPI.dll,-37103|EmbedCtxt=@FirewallAPI.dll,-37101|"
"NETDIS-LLMNR-Out-UDP","String","v2.31|Action=Allow|Active=FALSE|Dir=Out|Protocol=17|RPort=5355|RA4=LocalSubnet|RA6=LocalSubnet|App=%SystemRoot%\system32\svchost.exe|Svc=dnscache|Name=@FirewallAPI.dll,-32805|Desc=@FirewallAPI.dll,-32808|EmbedCtxt=@FirewallAPI.dll,-32752|"
"vm-monitoring-nb-session","String","v2.31|Action=Allow|Active=FALSE|Dir=In|Protocol=6|LPort=139|App=System|Name=@%SystemRoot%\system32\icsvc.dll,-705|Desc=@%SystemRoot%\system32\icsvc.dll,-706|EmbedCtxt=@%SystemRoot%\system32\icsvc.dll,-700|"
"FPS-RPCSS-In-TCP","String","v2.31|Action=Allow|Active=FALSE|Dir=In|Protocol=6|LPort=RPC-EPMap|App=%SystemRoot%\system32\svchost.exe|Svc=Rpcss|Name=@FirewallAPI.dll,-28539|Desc=@FirewallAPI.dll,-28542|EmbedCtxt=@FirewallAPI.dll,-28502|"
"FPS-ICMP6-ERQ-Out","String","v2.31|Action=Allow|Active=FALSE|Dir=Out|Protocol=58|ICMP6=128:*|App=System|Name=@FirewallAPI.dll,-28546|Desc=@FirewallAPI.dll,-28547|EmbedCtxt=@FirewallAPI.dll,-28502|"
"CoreNet-ICMP6-RA-Out","String","v2.31|Action=Allow|Active=TRUE|Dir=Out|Protocol=58|ICMP6=134:*|LA6=fe80::/64|RA6=LocalSubnet|RA6=fe80::/64|RA6=ff02::1|App=System|Name=@FirewallAPI.dll,-25013|Desc=@FirewallAPI.dll,-25018|EmbedCtxt=@FirewallAPI.dll,-25000|"
"NVS-FrameServer-In-TCP-NoScope","String","v2.31|Action=Allow|Active=TRUE|Dir=In|Protocol=6|LPort=554|LPort2_10=8554-8558|RA4=LocalSubnet|RA6=LocalSubnet|App=%SystemRoot%\system32\svchost.exe|Svc=FrameServer|Name=@FirewallAPI.dll,-54002|Desc=@FirewallAPI.dll,-54003|EmbedCtxt=@FirewallAPI.dll,-54001|"
"CoreNet-ICMP6-NDA-In","String","v2.31|Action=Allow|Active=TRUE|Dir=In|Protocol=58|ICMP6=136:*|App=System|Name=@FirewallAPI.dll,-25026|Desc=@FirewallAPI.dll,-25032|EmbedCtxt=@FirewallAPI.dll,-25000|Edge=TRUE|"
"CoreNet-IPHTTPS-Out","String","v2.31|Action=Allow|Active=TRUE|Dir=Out|Protocol=6|RPort2_10=IPTLSOut|RPort2_10=IPHTTPSOut|App=%SystemRoot%\system32\svchost.exe|Svc=iphlpsvc|Name=@FirewallAPI.dll,-25427|Desc=@FirewallAPI.dll,-25429|EmbedCtxt=@FirewallAPI.dll,-25000|"
"NETDIS-SSDPSrv-In-UDP","String","v2.31|Action=Allow|Active=FALSE|Dir=In|Protocol=17|LPort=1900|RA4=LocalSubnet|RA6=LocalSubnet|App=%SystemRoot%\system32\svchost.exe|Svc=Ssdpsrv|Name=@FirewallAPI.dll,-32753|Desc=@FirewallAPI.dll,-32756|EmbedCtxt=@FirewallAPI.dll,-32752|"
"WINRM-HTTP-Compat-In-TCP","String","v2.31|Action=Allow|Active=FALSE|Dir=In|Protocol=6|LPort=80|App=System|Name=@FirewallAPI.dll,-35001|Desc=@FirewallAPI.dll,-35002|EmbedCtxt=@FirewallAPI.dll,-30252|"
"CoreNet-IGMP-Out","String","v2.31|Action=Allow|Active=TRUE|Dir=Out|Protocol=2|App=System|Name=@FirewallAPI.dll,-25377|Desc=@FirewallAPI.dll,-25382|EmbedCtxt=@FirewallAPI.dll,-25000|"
"RemoteSvcAdmin-In-TCP","String","v2.31|Action=Allow|Active=FALSE|Dir=In|Protocol=6|LPort=RPC|App=%SystemRoot%\system32\services.exe|Name=@FirewallAPI.dll,-29503|Desc=@FirewallAPI.dll,-29506|EmbedCtxt=@FirewallAPI.dll,-29502|"
"RemoteSvcAdmin-RPCSS-In-TCP","String","v2.31|Action=Allow|Active=FALSE|Dir=In|Protocol=6|LPort=RPC-EPMap|App=%SystemRoot%\system32\svchost.exe|Svc=RPCSS|Name=@FirewallAPI.dll,-29515|Desc=@FirewallAPI.dll,-29518|EmbedCtxt=@FirewallAPI.dll,-29502|"
"FPS-NB_Session-In-TCP","String","v2.31|Action=Allow|Active=FALSE|Dir=In|Protocol=6|LPort=139|App=System|Name=@FirewallAPI.dll,-28503|Desc=@FirewallAPI.dll,-28506|EmbedCtxt=@FirewallAPI.dll,-28502|"
"CoreNet-ICMP6-PP-In","String","v2.31|Action=Allow|Active=TRUE|Dir=In|Protocol=58|ICMP6=4:*|App=System|Name=@FirewallAPI.dll,-25116|Desc=@FirewallAPI.dll,-25118|EmbedCtxt=@FirewallAPI.dll,-25000|Edge=TRUE|"
"CoreNet-DNS-Out-UDP","String","v2.31|Action=Allow|Active=TRUE|Dir=Out|Protocol=17|RPort=53|App=%SystemRoot%\system32\svchost.exe|Svc=dnscache|Name=@FirewallAPI.dll,-25405|Desc=@FirewallAPI.dll,-25406|EmbedCtxt=@FirewallAPI.dll,-25000|"
"NETDIS-NB_Datagram-In-UDP","String","v2.31|Action=Allow|Active=FALSE|Dir=In|Protocol=17|LPort=138|App=System|Name=@FirewallAPI.dll,-32777|Desc=@FirewallAPI.dll,-32780|EmbedCtxt=@FirewallAPI.dll,-32752|"
"PlayTo-HTTPSTR-In-TCP-LocalSubnetScope","String","v2.31|Action=Allow|Active=TRUE|Dir=In|Protocol=6|Profile=Private|LPort=10246|RA4=LocalSubnet|RA6=LocalSubnet|App=System|Name=@FirewallAPI.dll,-36002|Desc=@FirewallAPI.dll,-36003|EmbedCtxt=@FirewallAPI.dll,-36001|"
"PlayTo-QWave-In-TCP-PlayToScope","String","v2.31|Action=Allow|Active=TRUE|Dir=In|Protocol=6|Profile=Private|Profile=Public|LPort=2177|RA42=Ply2Renders|RA62=Ply2Renders|App=%SystemRoot%\system32\svchost.exe|Svc=Qwave|Name=@FirewallAPI.dll,-36014|Desc=@FirewallAPI.dll,-36015|EmbedCtxt=@FirewallAPI.dll,-36001|"
"FPS-ICMP4-ERQ-In","String","v2.31|Action=Allow|Active=FALSE|Dir=In|Protocol=1|ICMP4=8:*|App=System|Name=@FirewallAPI.dll,-28543|Desc=@FirewallAPI.dll,-28547|EmbedCtxt=@FirewallAPI.dll,-28502|"
"CoreNet-Teredo-In","String","v2.31|Action=Allow|Active=TRUE|Dir=In|Protocol=17|LPort=Teredo|App=%SystemRoot%\system32\svchost.exe|Svc=iphlpsvc|Name=@FirewallAPI.dll,-25326|Desc=@FirewallAPI.dll,-25332|EmbedCtxt=@FirewallAPI.dll,-25000|"
"NVS-FrameServer-Out-TCP-NoScope","String","v2.31|Action=Allow|Active=TRUE|Dir=Out|Protocol=6|RPort=554|RPort2_10=8554-8558|RA4=LocalSubnet|RA6=LocalSubnet|App=%SystemRoot%\system32\svchost.exe|Svc=FrameServer|Name=@FirewallAPI.dll,-54004|Desc=@FirewallAPI.dll,-54005|EmbedCtxt=@FirewallAPI.dll,-54001|"
"RemoteDesktop-Shadow-In-TCP","String","v2.31|Action=Allow|Active=FALSE|Dir=In|Protocol=6|App=%SystemRoot%\system32\RdpSa.exe|Name=@FirewallAPI.dll,-28778|Desc=@FirewallAPI.dll,-28779|EmbedCtxt=@FirewallAPI.dll,-28752|Edge=TRUE|Defer=App|"
"FPS-SMB-In-TCP","String","v2.31|Action=Allow|Active=FALSE|Dir=In|Protocol=6|LPort=445|App=System|Name=@FirewallAPI.dll,-28511|Desc=@FirewallAPI.dll,-28514|EmbedCtxt=@FirewallAPI.dll,-28502|"
"MSDTC-RPCSS-In-TCP","String","v2.31|Action=Allow|Active=FALSE|Dir=In|Protocol=6|LPort=RPC-EPMap|App=%SystemRoot%\system32\svchost.exe|Svc=RPCSS|Name=@FirewallAPI.dll,-33513|Desc=@FirewallAPI.dll,-33514|EmbedCtxt=@FirewallAPI.dll,-33502|"
"NETDIS-UPnPHost-In-TCP","String","v2.31|Action=Allow|Active=FALSE|Dir=In|Protocol=6|LPort=2869|App=System|Name=@FirewallAPI.dll,-32761|Desc=@FirewallAPI.dll,-32764|EmbedCtxt=@FirewallAPI.dll,-32752|"
"CoreNet-ICMP6-NDA-Out","String","v2.31|Action=Allow|Active=TRUE|Dir=Out|Protocol=58|ICMP6=136:*|App=System|Name=@FirewallAPI.dll,-25027|Desc=@FirewallAPI.dll,-25032|EmbedCtxt=@FirewallAPI.dll,-25000|"
"AllJoyn-Router-Out-UDP","String","v2.31|Action=Allow|Active=TRUE|Dir=Out|Protocol=17|Profile=Domain|Profile=Private|App=%SystemRoot%\system32\svchost.exe|Svc=AJRouter|Name=@FirewallAPI.dll,-37009|Desc=@FirewallAPI.dll,-37010|EmbedCtxt=@FirewallAPI.dll,-37002|"
"RemoteSvcAdmin-NP-In-TCP","String","v2.31|Action=Allow|Active=FALSE|Dir=In|Protocol=6|LPort=445|App=System|Name=@FirewallAPI.dll,-29507|Desc=@FirewallAPI.dll,-29510|EmbedCtxt=@FirewallAPI.dll,-29502|"
"Microsoft-Windows-DeviceManagement-deviceenroller-TCP-Out","String","v2.31|Action=Allow|Active=TRUE|Dir=Out|Protocol=6|RPort=80|RPort=443|App=%SystemRoot%\system32\deviceenroller.exe|Name=@FirewallAPI.dll,-37509|Desc=@FirewallAPI.dll,-37510|EmbedCtxt=@FirewallAPI.dll,-37502|"
"CoreNet-ICMP6-LQ-Out","String","v2.31|Action=Allow|Active=TRUE|Dir=Out|Protocol=58|ICMP6=130:*|RA6=LocalSubnet|App=System|Name=@FirewallAPI.dll,-25062|Desc=@FirewallAPI.dll,-25067|EmbedCtxt=@FirewallAPI.dll,-25000|"
"Microsoft-Windows-PeerDist-HostedClient-Out","String","v2.31|Action=Allow|Active=FALSE|Dir=Out|Protocol=6|RPort=80|RPort=443|App=SYSTEM|Name=@peerdistsh.dll,-10006|Desc=@peerdistsh.dll,-11006|EmbedCtxt=@peerdistsh.dll,-9003|"
"PlayTo-SSDP-Discovery-PlayToScope","String","v2.31|Action=Allow|Active=TRUE|Dir=In|Protocol=17|Profile=Public|LPort2_20=Ply2Disc|App=%SystemRoot%\system32\svchost.exe|Svc=ssdpsrv|Name=@FirewallAPI.dll,-36104|Desc=@FirewallAPI.dll,-36105|EmbedCtxt=@FirewallAPI.dll,-36001|"
"RVM-VDSLDR-In-TCP","String","v2.31|Action=Allow|Active=FALSE|Dir=In|Protocol=6|LPort=RPC|App=%SystemRoot%\system32\vdsldr.exe|Name=@FirewallAPI.dll,-34504|Desc=@FirewallAPI.dll,-34505|EmbedCtxt=@FirewallAPI.dll,-34501|"
"TPMVSCMGR-RPCSS-In-TCP","String","v2.31|Action=Allow|Active=FALSE|Dir=In|Protocol=6|Profile=Private|Profile=Public|LPort=135|RA4=LocalSubnet|RA6=LocalSubnet|App=%SystemRoot%\system32\svchost.exe|Svc=rpcss|Name=@FirewallAPI.dll,-36502|Desc=@FirewallAPI.dll,-36503|EmbedCtxt=@FirewallAPI.dll,-36501|"
"TPMVSCMGR-Server-In-TCP","String","v2.31|Action=Allow|Active=FALSE|Dir=In|Protocol=6|Profile=Private|Profile=Public|RA4=LocalSubnet|RA6=LocalSubnet|App=%SystemRoot%\system32\RmtTpmVscMgrSvr.exe|Name=@FirewallAPI.dll,-36504|Desc=@FirewallAPI.dll,-36505|EmbedCtxt=@FirewallAPI.dll,-36501|"
"FPS-SMBQ-In-UDP","String","v2.31|Action=Allow|Active=FALSE|Dir=In|Protocol=17|LPort=443|App=System|Name=@FirewallAPI.dll,-28653|Desc=@FirewallAPI.dll,-28654|EmbedCtxt=@FirewallAPI.dll,-28652|LOM=TRUE|"
"CoreNet-Diag-ICMP6-EchoRequest-In","String","v2.31|Action=Allow|Active=FALSE|Dir=In|Protocol=58|Profile=Private|Profile=Public|ICMP6=128:*|RA6=LocalSubnet|App=System|Name=@FirewallAPI.dll,-27003|Desc=@FirewallAPI.dll,-27005|EmbedCtxt=@FirewallAPI.dll,-27000|"
"TPMVSCMGR-Server-Out-TCP","String","v2.31|Action=Allow|Active=FALSE|Dir=Out|Protocol=6|Profile=Private|Profile=Public|RA4=LocalSubnet|RA6=LocalSubnet|App=%SystemRoot%\system32\RmtTpmVscMgrSvr.exe|Name=@FirewallAPI.dll,-36506|Desc=@FirewallAPI.dll,-36507|EmbedCtxt=@FirewallAPI.dll,-36501|"
"NETDIS-FDRESPUB-WSD-Out-UDP","String","v2.31|Action=Allow|Active=FALSE|Dir=Out|Protocol=17|RPort=3702|RA4=LocalSubnet|RA6=LocalSubnet|App=%SystemRoot%\system32\svchost.exe|Svc=fdrespub|Name=@FirewallAPI.dll,-32811|Desc=@FirewallAPI.dll,-32812|EmbedCtxt=@FirewallAPI.dll,-32752|"
"CoreNet-ICMP6-TE-Out","String","v2.31|Action=Allow|Active=TRUE|Dir=Out|Protocol=58|ICMP6=3:*|App=System|Name=@FirewallAPI.dll,-25114|Desc=@FirewallAPI.dll,-25115|EmbedCtxt=@FirewallAPI.dll,-25000|"
"Netlogon-NamedPipe-In","String","v2.31|Action=Allow|Active=FALSE|Dir=In|Protocol=6|LPort=445|App=System|Name=@firewallapi.dll,-37682|Desc=@firewallapi.dll,-37683|EmbedCtxt=@firewallapi.dll,-37681|"
"PlayTo-Out-UDP-NoScope","String","v2.31|Action=Allow|Active=TRUE|Dir=Out|Protocol=17|Profile=Domain|App=%SystemRoot%\system32\mdeserver.exe|Name=@FirewallAPI.dll,-36006|Desc=@FirewallAPI.dll,-36007|EmbedCtxt=@FirewallAPI.dll,-36001|"
"vm-monitoring-icmpv4","String","v2.31|Action=Allow|Active=FALSE|Dir=In|Protocol=1|App=System|Name=@%SystemRoot%\system32\icsvc.dll,-701|Desc=@%SystemRoot%\system32\icsvc.dll,-702|EmbedCtxt=@%SystemRoot%\system32\icsvc.dll,-700|"
"RemoteTask-RPCSS-In-TCP","String","v2.31|Action=Allow|Active=FALSE|Dir=In|Protocol=6|LPort=RPC-EPMap|App=%SystemRoot%\system32\svchost.exe|Svc=RPCSS|Name=@FirewallAPI.dll,-33257|Desc=@FirewallAPI.dll,-33260|EmbedCtxt=@FirewallAPI.dll,-33252|"
"MDNS-In-UDP-Private-Active","String","v2.31|Action=Allow|Active=TRUE|Dir=In|Protocol=17|Profile=Private|LPort=5353|RA4=LocalSubnet|RA6=LocalSubnet|App=%SystemRoot%\system32\svchost.exe|Svc=dnscache|Name=@%SystemRoot%\system32\firewallapi.dll,-37303|Desc=@%SystemRoot%\system32\firewallapi.dll,-37304|EmbedCtxt=@%SystemRoot%\system32\firewallapi.dll,-37302|"
"AllJoyn-Router-Out-TCP","String","v2.31|Action=Allow|Active=TRUE|Dir=Out|Protocol=6|Profile=Domain|Profile=Private|App=%SystemRoot%\system32\svchost.exe|Svc=AJRouter|Name=@FirewallAPI.dll,-37005|Desc=@FirewallAPI.dll,-37006|EmbedCtxt=@FirewallAPI.dll,-37002|"
"TPMVSCMGR-Server-Out-TCP-NoScope","String","v2.31|Action=Allow|Active=FALSE|Dir=Out|Protocol=6|Profile=Domain|App=%SystemRoot%\system32\RmtTpmVscMgrSvr.exe|Name=@FirewallAPI.dll,-36506|Desc=@FirewallAPI.dll,-36507|EmbedCtxt=@FirewallAPI.dll,-36501|"
"vm-monitoring-icmpv6","String","v2.31|Action=Allow|Active=FALSE|Dir=In|Protocol=58|App=System|Name=@%SystemRoot%\system32\icsvc.dll,-703|Desc=@%SystemRoot%\system32\icsvc.dll,-704|EmbedCtxt=@%SystemRoot%\system32\icsvc.dll,-700|"
"CoreNet-ICMP6-LR-Out","String","v2.31|Action=Allow|Active=TRUE|Dir=Out|Protocol=58|ICMP6=131:*|RA6=LocalSubnet|App=System|Name=@FirewallAPI.dll,-25069|Desc=@FirewallAPI.dll,-25074|EmbedCtxt=@FirewallAPI.dll,-25000|"
"PlayTo-UPnP-Events-PlayToScope","String","v2.31|Action=Allow|Active=TRUE|Dir=In|Protocol=6|Profile=Public|LPort=2869|RA42=Ply2Renders|RA62=Ply2Renders|App=System|Name=@FirewallAPI.dll,-36106|Desc=@FirewallAPI.dll,-36107|EmbedCtxt=@FirewallAPI.dll,-36001|"
"RRAS-L2TP-In-UDP","String","v2.31|Action=Allow|Active=FALSE|Dir=In|Protocol=17|LPort=1701|App=System|Name=@FirewallAPI.dll,-33753|Desc=@FirewallAPI.dll,-33756|EmbedCtxt=@FirewallAPI.dll,-33752|"
"CoreNet-ICMP6-PTB-In","String","v2.31|Action=Allow|Active=TRUE|Dir=In|Protocol=58|ICMP6=2:*|App=System|Name=@FirewallAPI.dll,-25001|Desc=@FirewallAPI.dll,-25007|EmbedCtxt=@FirewallAPI.dll,-25000|Edge=TRUE|"
"CoreNet-DHCP-Out","String","v2.31|Action=Allow|Active=TRUE|Dir=Out|Protocol=17|LPort=68|RPort=67|App=%SystemRoot%\system32\svchost.exe|Svc=dhcp|Name=@FirewallAPI.dll,-25302|Desc=@FirewallAPI.dll,-25303|EmbedCtxt=@FirewallAPI.dll,-25000|"
"CoreNet-IPHTTPS-In","String","v2.31|Action=Allow|Active=TRUE|Dir=In|Protocol=6|LPort2_10=IPTLSIn|LPort2_10=IPHTTPSIn|App=System|Name=@FirewallAPI.dll,-25426|Desc=@FirewallAPI.dll,-25428|EmbedCtxt=@FirewallAPI.dll,-25000|"
"NETDIS-WSDEVNT-Out-TCP","String","v2.31|Action=Allow|Active=FALSE|Dir=Out|Protocol=6|RPort=5357|App=System|Name=@FirewallAPI.dll,-32819|Desc=@FirewallAPI.dll,-32820|EmbedCtxt=@FirewallAPI.dll,-32752|"
"RemoteFwAdmin-In-TCP","String","v2.31|Action=Allow|Active=FALSE|Dir=In|Protocol=6|LPort=RPC|App=%SystemRoot%\system32\svchost.exe|Svc=policyagent|Name=@FirewallAPI.dll,-30003|Desc=@FirewallAPI.dll,-30006|EmbedCtxt=@FirewallAPI.dll,-30002|"
"AllJoyn-Router-In-TCP","String","v2.31|Action=Allow|Active=TRUE|Dir=In|Protocol=6|Profile=Domain|Profile=Private|LPort=9955|App=%SystemRoot%\system32\svchost.exe|Svc=AJRouter|Name=@FirewallAPI.dll,-37003|Desc=@FirewallAPI.dll,-37004|EmbedCtxt=@FirewallAPI.dll,-37002|"
"AllJoyn-Router-In-UDP","String","v2.31|Action=Allow|Active=TRUE|Dir=In|Protocol=17|Profile=Domain|Profile=Private|App=%SystemRoot%\system32\svchost.exe|Svc=AJRouter|Name=@FirewallAPI.dll,-37007|Desc=@FirewallAPI.dll,-37008|EmbedCtxt=@FirewallAPI.dll,-37002|"
"Microsoft-Windows-Unified-Telemetry-Client","String","v2.31|Action=Allow|Active=TRUE|Dir=Out|Protocol=6|RPort=443|App=%SystemRoot%\system32\svchost.exe|Svc=DiagTrack|Name=@%windir%\system32\diagtrack.dll,-3001|Desc=@%windir%\system32\diagtrack.dll,-3003|EmbedCtxt=DiagTrack|"
"FPS-NB_Datagram-Out-UDP","String","v2.31|Action=Allow|Active=FALSE|Dir=Out|Protocol=17|RPort=138|App=System|Name=@FirewallAPI.dll,-28531|Desc=@FirewallAPI.dll,-28534|EmbedCtxt=@FirewallAPI.dll,-28502|"
"CoreNet-ICMP6-LD-In","String","v2.31|Action=Allow|Active=TRUE|Dir=In|Protocol=58|ICMP6=132:*|RA6=LocalSubnet|App=System|Name=@FirewallAPI.dll,-25082|Desc=@FirewallAPI.dll,-25088|EmbedCtxt=@FirewallAPI.dll,-25000|"
"ComPlusRemoteAdministration-DCOM-In","String","v2.31|Action=Allow|Active=FALSE|Dir=In|Protocol=6|LPort=RPC|App=%systemroot%\system32\dllhost.exe|Svc=COMSysApp|Name=@%systemroot%\system32\firewallapi.dll,-3406|Desc=@%systemroot%\system32\firewallapi.dll,-3407|EmbedCtxt=@%systemroot%\system32\firewallapi.dll,-3405|"
"NETDIS-WSDEVNTS-In-TCP","String","v2.31|Action=Allow|Active=FALSE|Dir=In|Protocol=6|LPort=5358|App=System|Name=@FirewallAPI.dll,-32813|Desc=@FirewallAPI.dll,-32814|EmbedCtxt=@FirewallAPI.dll,-32752|"
"PlayTo-In-RTSP-LocalSubnetScope","String","v2.31|Action=Allow|Active=TRUE|Dir=In|Protocol=6|Profile=Private|LPort=23554|LPort=23555|LPort=23556|RA4=LocalSubnet|RA6=LocalSubnet|App=%SystemRoot%\system32\mdeserver.exe|Name=@FirewallAPI.dll,-36008|Desc=@FirewallAPI.dll,-36009|EmbedCtxt=@FirewallAPI.dll,-36001|"
"CoreNet-ICMP6-DU-In","String","v2.31|Action=Allow|Active=TRUE|Dir=In|Protocol=58|ICMP6=1:*|App=System|Name=@FirewallAPI.dll,-25110|Desc=@FirewallAPI.dll,-25112|EmbedCtxt=@FirewallAPI.dll,-25000|Edge=TRUE|"
"RemoteTask-In-TCP","String","v2.31|Action=Allow|Active=FALSE|Dir=In|Protocol=6|LPort=RPC|App=%SystemRoot%\system32\svchost.exe|Svc=schedule|Name=@FirewallAPI.dll,-33253|Desc=@FirewallAPI.dll,-33256|EmbedCtxt=@FirewallAPI.dll,-33252|"
"NETDIS-SSDPSrv-Out-UDP","String","v2.31|Action=Allow|Active=FALSE|Dir=Out|Protocol=17|RPort=1900|RA4=LocalSubnet|RA6=LocalSubnet|App=%SystemRoot%\system32\svchost.exe|Svc=Ssdpsrv|Name=@FirewallAPI.dll,-32757|Desc=@FirewallAPI.dll,-32760|EmbedCtxt=@FirewallAPI.dll,-32752|"
"WINRM-HTTP-In-TCP-PUBLIC","String","v2.31|Action=Allow|Active=TRUE|Dir=In|Protocol=6|Profile=Public|LPort=5985|RA4=LocalSubnet|RA6=LocalSubnet|App=System|Name=@FirewallAPI.dll,-30253|Desc=@FirewallAPI.dll,-30256|EmbedCtxt=@FirewallAPI.dll,-30267|"
"FPS-ICMP6-ERQ-In","String","v2.31|Action=Allow|Active=FALSE|Dir=In|Protocol=58|ICMP6=128:*|App=System|Name=@FirewallAPI.dll,-28545|Desc=@FirewallAPI.dll,-28547|EmbedCtxt=@FirewallAPI.dll,-28502|"
"CoreNet-Diag-ICMP4-EchoRequest-Out","String","v2.31|Action=Allow|Active=FALSE|Dir=Out|Protocol=1|Profile=Private|Profile=Public|ICMP4=8:*|RA4=LocalSubnet|App=System|Name=@FirewallAPI.dll,-27002|Desc=@FirewallAPI.dll,-27005|EmbedCtxt=@FirewallAPI.dll,-27000|"
"MDNS-Out-UDP-Private-Active","String","v2.31|Action=Allow|Active=TRUE|Dir=Out|Protocol=17|Profile=Private|RPort=5353|RA4=LocalSubnet|RA6=LocalSubnet|App=%SystemRoot%\system32\svchost.exe|Svc=dnscache|Name=@%SystemRoot%\system32\firewallapi.dll,-37305|Desc=@%SystemRoot%\system32\firewallapi.dll,-37306|EmbedCtxt=@%SystemRoot%\system32\firewallapi.dll,-37302|"
"PlayTo-In-UDP-PlayToScope","String","v2.31|Action=Allow|Active=TRUE|Dir=In|Protocol=17|Profile=Public|RA42=Ply2Renders|RA62=Ply2Renders|App=%SystemRoot%\system32\mdeserver.exe|Name=@FirewallAPI.dll,-36004|Desc=@FirewallAPI.dll,-36005|EmbedCtxt=@FirewallAPI.dll,-36001|"
"PerfLogsAlerts-DCOM-In-TCP-NoScope","String","v2.31|Action=Allow|Active=FALSE|Dir=In|Protocol=6|Profile=Domain|LPort=135|App=%systemroot%\system32\svchost.exe|Svc=rpcss|Name=@FirewallAPI.dll,-34755|Desc=@FirewallAPI.dll,-34756|EmbedCtxt=@FirewallAPI.dll,-34752|"
"SLBM-MUX-IN-TCP","String","v2.31|Action=Allow|Active=FALSE|Dir=In|Protocol=6|App=%SystemRoot%\system32\MuxSvcHost.exe|Svc=SlbMux|Name=@%SystemRoot%\system32\firewallapi.dll,-36903|Desc=@%SystemRoot%\system32\firewallapi.dll,-36904|EmbedCtxt=@%SystemRoot%\system32\firewallapi.dll,-36902|"
"RRAS-PPTP-Out-TCP","String","v2.31|Action=Allow|Active=FALSE|Dir=Out|Protocol=6|RPort=1723|App=System|Name=@FirewallAPI.dll,-33761|Desc=@FirewallAPI.dll,-33764|EmbedCtxt=@FirewallAPI.dll,-33752|"
"PerfLogsAlerts-PLASrv-In-TCP-NoScope","String","v2.31|Action=Allow|Active=FALSE|Dir=In|Protocol=6|Profile=Domain|App=%systemroot%\system32\plasrv.exe|Name=@FirewallAPI.dll,-34753|Desc=@FirewallAPI.dll,-34754|EmbedCtxt=@FirewallAPI.dll,-34752|"
"Wininit-Shutdown-In-Rule-TCP-RPC-EPMapper","String","v2.31|Action=Allow|Active=FALSE|Dir=In|Protocol=6|LPort=RPC-EPMap|App=%systemroot%\system32\wininit.exe|Name=@firewallapi.dll,-36755|Desc=@firewallapi.dll,-36756|EmbedCtxt=@firewallapi.dll,-36751|"
"NETDIS-WSDEVNT-In-TCP","String","v2.31|Action=Allow|Active=FALSE|Dir=In|Protocol=6|LPort=5357|App=System|Name=@FirewallAPI.dll,-32817|Desc=@FirewallAPI.dll,-32818|EmbedCtxt=@FirewallAPI.dll,-32752|"
"NETDIS-FDPHOST-Out-UDP","String","v2.31|Action=Allow|Active=FALSE|Dir=Out|Protocol=17|RPort=3702|RA4=LocalSubnet|RA6=LocalSubnet|App=%SystemRoot%\system32\svchost.exe|Svc=fdphost|Name=@FirewallAPI.dll,-32789|Desc=@FirewallAPI.dll,-32792|EmbedCtxt=@FirewallAPI.dll,-32752|"
"CoreNet-ICMP6-NDS-Out","String","v2.31|Action=Allow|Active=TRUE|Dir=Out|Protocol=58|ICMP6=135:*|App=System|Name=@FirewallAPI.dll,-25020|Desc=@FirewallAPI.dll,-25025|EmbedCtxt=@FirewallAPI.dll,-25000|"
"Microsoft-Windows-PeerDist-HttpTrans-Out","String","v2.31|Action=Allow|Active=FALSE|Dir=Out|Protocol=6|RPort=80|App=SYSTEM|Name=@peerdistsh.dll,-10001|Desc=@peerdistsh.dll,-11001|EmbedCtxt=@peerdistsh.dll,-9000|"
"RemoteDesktop-UserMode-In-TCP","String","v2.31|Action=Allow|Active=FALSE|Dir=In|Protocol=6|LPort=3389|App=%SystemRoot%\system32\svchost.exe|Svc=termservice|Name=@FirewallAPI.dll,-28775|Desc=@FirewallAPI.dll,-28756|EmbedCtxt=@FirewallAPI.dll,-28752|"
"RemoteDesktop-UserMode-In-UDP","String","v2.31|Action=Allow|Active=FALSE|Dir=In|Protocol=17|LPort=3389|App=%SystemRoot%\system32\svchost.exe|Svc=termservice|Name=@FirewallAPI.dll,-28776|Desc=@FirewallAPI.dll,-28777|EmbedCtxt=@FirewallAPI.dll,-28752|"
"PerfLogsAlerts-DCOM-In-TCP","String","v2.31|Action=Allow|Active=FALSE|Dir=In|Protocol=6|Profile=Private|Profile=Public|LPort=135|RA4=LocalSubnet|RA6=LocalSubnet|App=%systemroot%\system32\svchost.exe|Svc=rpcss|Name=@FirewallAPI.dll,-34755|Desc=@FirewallAPI.dll,-34756|EmbedCtxt=@FirewallAPI.dll,-34752|"
"CoreNet-IPv6-Out","String","v2.31|Action=Allow|Active=TRUE|Dir=Out|Protocol=41|App=System|Name=@FirewallAPI.dll,-25352|Desc=@FirewallAPI.dll,-25358|EmbedCtxt=@FirewallAPI.dll,-25000|"
"RemoteEventLogSvc-RPCSS-In-TCP","String","v2.31|Action=Allow|Active=FALSE|Dir=In|Protocol=6|LPort=RPC-EPMap|App=%SystemRoot%\system32\svchost.exe|Svc=RPCSS|Name=@FirewallAPI.dll,-29265|Desc=@FirewallAPI.dll,-29268|EmbedCtxt=@FirewallAPI.dll,-29252|"
"CoreNet-Diag-ICMP6-EchoRequest-Out-NoScope","String","v2.31|Action=Allow|Active=FALSE|Dir=Out|Protocol=58|Profile=Domain|ICMP6=128:*|App=System|Name=@FirewallAPI.dll,-27004|Desc=@FirewallAPI.dll,-27005|EmbedCtxt=@FirewallAPI.dll,-27000|"
"PlayTo-HTTPSTR-In-TCP-NoScope","String","v2.31|Action=Allow|Active=TRUE|Dir=In|Protocol=6|Profile=Domain|LPort=10246|App=System|Name=@FirewallAPI.dll,-36002|Desc=@FirewallAPI.dll,-36003|EmbedCtxt=@FirewallAPI.dll,-36001|"
"PlayTo-HTTPSTR-In-TCP-PlayToScope","String","v2.31|Action=Allow|Active=TRUE|Dir=In|Protocol=6|Profile=Public|LPort=10246|RA42=Ply2Renders|RA62=Ply2Renders|App=System|Name=@FirewallAPI.dll,-36002|Desc=@FirewallAPI.dll,-36003|EmbedCtxt=@FirewallAPI.dll,-36001|"
"NETDIS-FDRESPUB-WSD-In-UDP","String","v2.31|Action=Allow|Active=FALSE|Dir=In|Protocol=17|LPort=3702|RA4=LocalSubnet|RA6=LocalSubnet|App=%SystemRoot%\system32\svchost.exe|Svc=fdrespub|Name=@FirewallAPI.dll,-32809|Desc=@FirewallAPI.dll,-32810|EmbedCtxt=@FirewallAPI.dll,-32752|"
"CoreNet-IGMP-In","String","v2.31|Action=Allow|Active=TRUE|Dir=In|Protocol=2|App=System|Name=@FirewallAPI.dll,-25376|Desc=@FirewallAPI.dll,-25382|EmbedCtxt=@FirewallAPI.dll,-25000|"
"CoreNet-GP-NP-Out-TCP","String","v2.31|Action=Allow|Active=TRUE|Dir=Out|Protocol=6|Profile=Domain|RPort=445|App=System|Name=@FirewallAPI.dll,-25401|Desc=@FirewallAPI.dll,-25401|EmbedCtxt=@FirewallAPI.dll,-25000|"
"PlayTo-In-RTSP-PlayToScope","String","v2.31|Action=Allow|Active=TRUE|Dir=In|Protocol=6|Profile=Public|LPort=23554|LPort=23555|LPort=23556|RA42=Ply2Renders|RA62=Ply2Renders|App=%SystemRoot%\system32\mdeserver.exe|Name=@FirewallAPI.dll,-36008|Desc=@FirewallAPI.dll,-36009|EmbedCtxt=@FirewallAPI.dll,-36001|"
"FPS-NB_Name-Out-UDP","String","v2.31|Action=Allow|Active=FALSE|Dir=Out|Protocol=17|RPort=137|App=System|Name=@FirewallAPI.dll,-28523|Desc=@FirewallAPI.dll,-28526|EmbedCtxt=@FirewallAPI.dll,-28502|"
"CoreNet-ICMP6-LR2-In","String","v2.31|Action=Allow|Active=TRUE|Dir=In|Protocol=58|ICMP6=143:*|RA6=LocalSubnet|App=System|Name=@FirewallAPI.dll,-25075|Desc=@FirewallAPI.dll,-25081|EmbedCtxt=@FirewallAPI.dll,-25000|"
"NETDIS-FDPHOST-In-UDP","String","v2.31|Action=Allow|Active=FALSE|Dir=In|Protocol=17|LPort=3702|RA4=LocalSubnet|RA6=LocalSubnet|App=%SystemRoot%\system32\svchost.exe|Svc=fdphost|Name=@FirewallAPI.dll,-32785|Desc=@FirewallAPI.dll,-32788|EmbedCtxt=@FirewallAPI.dll,-32752|"
"FPS-NB_Datagram-In-UDP","String","v2.31|Action=Allow|Active=FALSE|Dir=In|Protocol=17|LPort=138|App=System|Name=@FirewallAPI.dll,-28527|Desc=@FirewallAPI.dll,-28530|EmbedCtxt=@FirewallAPI.dll,-28502|"
"CoreNet-ICMP6-LQ-In","String","v2.31|Action=Allow|Active=TRUE|Dir=In|Protocol=58|ICMP6=130:*|RA6=LocalSubnet|App=System|Name=@FirewallAPI.dll,-25061|Desc=@FirewallAPI.dll,-25067|EmbedCtxt=@FirewallAPI.dll,-25000|"
"FPS-LLMNR-In-UDP","String","v2.31|Action=Allow|Active=FALSE|Dir=In|Protocol=17|LPort=5355|RA4=LocalSubnet|RA6=LocalSubnet|App=%SystemRoot%\system32\svchost.exe|Svc=dnscache|Name=@FirewallAPI.dll,-28548|Desc=@FirewallAPI.dll,-28549|EmbedCtxt=@FirewallAPI.dll,-28502|"
"Microsoft-Windows-DeviceManagement-OmaDmClient-TCP-Out","String","v2.31|Action=Allow|Active=TRUE|Dir=Out|Protocol=6|App=%SystemRoot%\system32\omadmclient.exe|Name=@FirewallAPI.dll,-37503|Desc=@FirewallAPI.dll,-37504|EmbedCtxt=@FirewallAPI.dll,-37502|"
"CoreNet-ICMP6-LR-In","String","v2.31|Action=Allow|Active=TRUE|Dir=In|Protocol=58|ICMP6=131:*|RA6=LocalSubnet|App=System|Name=@FirewallAPI.dll,-25068|Desc=@FirewallAPI.dll,-25074|EmbedCtxt=@FirewallAPI.dll,-25000|"
"CoreNet-Diag-ICMP4-EchoRequest-In-NoScope","String","v2.31|Action=Allow|Active=FALSE|Dir=In|Protocol=1|Profile=Domain|ICMP4=8:*|App=System|Name=@FirewallAPI.dll,-27001|Desc=@FirewallAPI.dll,-27005|EmbedCtxt=@FirewallAPI.dll,-27000|"
"SSTP-IN-TCP","String","v2.31|Action=Allow|Active=FALSE|Dir=In|Protocol=6|LPort=443|App=System|Name=@sstpsvc.dll,-35002|Desc=@sstpsvc.dll,-35003|EmbedCtxt=@sstpsvc.dll,-35001|"
"DIAL-Protocol-Server-HTTPSTR-In-TCP-LocalSubnetScope","String","v2.31|Action=Allow|Active=TRUE|Dir=In|Protocol=6|Profile=Private|LPort=10247|RA4=LocalSubnet|RA6=LocalSubnet|App=System|Name=@FirewallAPI.dll,-37102|Desc=@FirewallAPI.dll,-37103|EmbedCtxt=@FirewallAPI.dll,-37101|"
"Microsoft-Windows-PeerDist-HttpTrans-In","String","v2.31|Action=Allow|Active=FALSE|Dir=In|Protocol=6|LPort=80|App=SYSTEM|Name=@peerdistsh.dll,-10000|Desc=@peerdistsh.dll,-11000|EmbedCtxt=@peerdistsh.dll,-9000|"
"MSDTC-In-TCP","String","v2.31|Action=Allow|Active=FALSE|Dir=In|Protocol=6|App=%SystemRoot%\system32\msdtc.exe|Name=@FirewallAPI.dll,-33503|Desc=@FirewallAPI.dll,-33506|EmbedCtxt=@FirewallAPI.dll,-33502|"
"CoreNet-DHCPV6-Out","String","v2.31|Action=Allow|Active=TRUE|Dir=Out|Protocol=17|LPort=546|RPort=547|App=%SystemRoot%\system32\svchost.exe|Svc=dhcp|Name=@FirewallAPI.dll,-25305|Desc=@FirewallAPI.dll,-25306|EmbedCtxt=@FirewallAPI.dll,-25000|"
"ComPlusNetworkAccess-DCOM-In","String","v2.31|Action=Allow|Active=FALSE|Dir=In|Protocol=6|LPort=135|App=%systemroot%\system32\svchost.exe|Svc=rpcss|Name=@%systemroot%\system32\firewallapi.dll,-3401|Desc=@%systemroot%\system32\firewallapi.dll,-3402|EmbedCtxt=@%systemroot%\system32\firewallapi.dll,-3400|"
"Netlogon-TCP-RPC-In","String","v2.31|Action=Allow|Active=FALSE|Dir=In|Protocol=6|LPort=RPC|App=%SystemRoot%\System32\lsass.exe|Name=@firewallapi.dll,-37684|Desc=@firewallapi.dll,-37685|EmbedCtxt=@firewallapi.dll,-37681|"
"FPS-LLMNR-Out-UDP","String","v2.31|Action=Allow|Active=FALSE|Dir=Out|Protocol=17|RPort=5355|RA4=LocalSubnet|RA6=LocalSubnet|App=%SystemRoot%\system32\svchost.exe|Svc=dnscache|Name=@FirewallAPI.dll,-28550|Desc=@FirewallAPI.dll,-28551|EmbedCtxt=@FirewallAPI.dll,-28502|"
"CoreNet-ICMP6-TE-In","String","v2.31|Action=Allow|Active=TRUE|Dir=In|Protocol=58|ICMP6=3:*|App=System|Name=@FirewallAPI.dll,-25113|Desc=@FirewallAPI.dll,-25115|EmbedCtxt=@FirewallAPI.dll,-25000|Edge=TRUE|"
"MDNS-In-UDP-Domain-Active","String","v2.31|Action=Allow|Active=TRUE|Dir=In|Protocol=17|Profile=Domain|LPort=5353|App=%SystemRoot%\system32\svchost.exe|Svc=dnscache|Name=@%SystemRoot%\system32\firewallapi.dll,-37303|Desc=@%SystemRoot%\system32\firewallapi.dll,-37304|EmbedCtxt=@%SystemRoot%\system32\firewallapi.dll,-37302|"
"Microsoft-Windows-PeerDist-WSD-Out","String","v2.31|Action=Allow|Active=FALSE|Dir=Out|Protocol=17|RPort=3702|RA4=LocalSubnet|RA6=LocalSubnet|App=%systemroot%\system32\svchost.exe|Svc=PeerDistSvc|Name=@peerdistsh.dll,-10003|Desc=@peerdistsh.dll,-11003|EmbedCtxt=@peerdistsh.dll,-9001|"
"CoreNet-Diag-ICMP4-EchoRequest-In","String","v2.31|Action=Allow|Active=FALSE|Dir=In|Protocol=1|Profile=Private|Profile=Public|ICMP4=8:*|RA4=LocalSubnet|App=System|Name=@FirewallAPI.dll,-27001|Desc=@FirewallAPI.dll,-27005|EmbedCtxt=@FirewallAPI.dll,-27000|"
"RRAS-GRE-Out","String","v2.31|Action=Allow|Active=FALSE|Dir=Out|Protocol=47|App=System|Name=@FirewallAPI.dll,-33773|Desc=@FirewallAPI.dll,-33776|EmbedCtxt=@FirewallAPI.dll,-33752|"
"CoreNet-GP-Out-TCP","String","v2.31|Action=Allow|Active=TRUE|Dir=Out|Protocol=6|Profile=Domain|App=%SystemRoot%\system32\svchost.exe|Svc=gpsvc|Name=@FirewallAPI.dll,-25403|Desc=@FirewallAPI.dll,-25404|EmbedCtxt=@FirewallAPI.dll,-25000|"
"CoreNet-Diag-ICMP6-EchoRequest-In-NoScope","String","v2.31|Action=Allow|Active=FALSE|Dir=In|Protocol=58|Profile=Domain|ICMP6=128:*|App=System|Name=@FirewallAPI.dll,-27003|Desc=@FirewallAPI.dll,-27005|EmbedCtxt=@FirewallAPI.dll,-27000|"
"MDNS-In-UDP-Public-Active","String","v2.31|Action=Allow|Active=TRUE|Dir=In|Protocol=17|Profile=Public|LPort=5353|RA4=LocalSubnet|RA6=LocalSubnet|App=%SystemRoot%\system32\svchost.exe|Svc=dnscache|Name=@%SystemRoot%\system32\firewallapi.dll,-37303|Desc=@%SystemRoot%\system32\firewallapi.dll,-37304|EmbedCtxt=@%SystemRoot%\system32\firewallapi.dll,-37302|"
"WMP-In-UDP","String","v2.31|Action=Allow|Active=FALSE|Dir=In|Protocol=17|App=%ProgramFiles%\Windows Media Player\wmplayer.exe|Name=@FirewallAPI.dll,-31003|Desc=@FirewallAPI.dll,-31006|EmbedCtxt=@FirewallAPI.dll,-31002|"
"WMPNSS-WMP-Out-TCP","String","v2.31|Action=Allow|Active=FALSE|Dir=Out|Protocol=6|Profile=Private|Profile=Public|RA4=LocalSubnet|RA6=LocalSubnet|App=%PROGRAMFILES%\Windows Media Player\wmplayer.exe|Name=@FirewallAPI.dll,-31301|Desc=@FirewallAPI.dll,-31304|EmbedCtxt=@FirewallAPI.dll,-31252|"
"WMPNSS-QWave-In-TCP","String","v2.31|Action=Allow|Active=FALSE|Dir=In|Protocol=6|Profile=Private|Profile=Public|LPort=2177|RA4=LocalSubnet|RA6=LocalSubnet|App=%SystemRoot%\system32\svchost.exe|Svc=Qwave|Name=@FirewallAPI.dll,-31261|Desc=@FirewallAPI.dll,-31264|EmbedCtxt=@FirewallAPI.dll,-31252|"
"WMPNSS-QWave-In-UDP","String","v2.31|Action=Allow|Active=FALSE|Dir=In|Protocol=17|Profile=Private|Profile=Public|LPort=2177|RA4=LocalSubnet|RA6=LocalSubnet|App=%SystemRoot%\system32\svchost.exe|Svc=Qwave|Name=@FirewallAPI.dll,-31253|Desc=@FirewallAPI.dll,-31256|EmbedCtxt=@FirewallAPI.dll,-31252|"
"WMPNSS-UPnPHost-In-TCP","String","v2.31|Action=Allow|Active=FALSE|Dir=In|Protocol=6|LPort=2869|RA4=LocalSubnet|RA6=LocalSubnet|App=System|Name=@FirewallAPI.dll,-31277|Desc=@FirewallAPI.dll,-31280|EmbedCtxt=@FirewallAPI.dll,-31252|"
"WMPNSS-WMP-Out-UDP-NoScope","String","v2.31|Action=Allow|Active=FALSE|Dir=Out|Protocol=17|Profile=Domain|App=%PROGRAMFILES%\Windows Media Player\wmplayer.exe|Name=@FirewallAPI.dll,-31297|Desc=@FirewallAPI.dll,-31300|EmbedCtxt=@FirewallAPI.dll,-31252|"
"WMPNSS-UPnP-Out-TCP","String","v2.31|Action=Allow|Active=FALSE|Dir=Out|Protocol=6|RA4=LocalSubnet|RA6=LocalSubnet|App=%SystemRoot%\system32\svchost.exe|Svc=upnphost|Name=@FirewallAPI.dll,-31321|Desc=@FirewallAPI.dll,-31322|EmbedCtxt=@FirewallAPI.dll,-31252|"
"WMPNSS-In-UDP-NoScope","String","v2.31|Action=Allow|Active=FALSE|Dir=In|Protocol=17|Profile=Domain|App=%PROGRAMFILES%\Windows Media Player\wmpnetwk.exe|Name=@FirewallAPI.dll,-31305|Desc=@FirewallAPI.dll,-31308|EmbedCtxt=@FirewallAPI.dll,-31252|"
"WMPNSS-In-TCP-NoScope","String","v2.31|Action=Allow|Active=FALSE|Dir=In|Protocol=6|Profile=Domain|App=%PROGRAMFILES%\Windows Media Player\wmpnetwk.exe|Name=@FirewallAPI.dll,-31313|Desc=@FirewallAPI.dll,-31316|EmbedCtxt=@FirewallAPI.dll,-31252|"
"WMPNSS-QWave-In-TCP-NoScope","String","v2.31|Action=Allow|Active=FALSE|Dir=In|Protocol=6|Profile=Domain|LPort=2177|App=%SystemRoot%\system32\svchost.exe|Svc=Qwave|Name=@FirewallAPI.dll,-31261|Desc=@FirewallAPI.dll,-31264|EmbedCtxt=@FirewallAPI.dll,-31252|"
"WMP-In-UDP-x86","String","v2.31|Action=Allow|Active=FALSE|Dir=In|Protocol=17|App=%ProgramFiles(x86)%\Windows Media Player\wmplayer.exe|Name=@FirewallAPI.dll,-31023|Desc=@FirewallAPI.dll,-31006|EmbedCtxt=@FirewallAPI.dll,-31002|"
"WMPNSS-In-UDP","String","v2.31|Action=Allow|Active=FALSE|Dir=In|Protocol=17|Profile=Private|Profile=Public|RA4=LocalSubnet|RA6=LocalSubnet|App=%PROGRAMFILES%\Windows Media Player\wmpnetwk.exe|Name=@FirewallAPI.dll,-31305|Desc=@FirewallAPI.dll,-31308|EmbedCtxt=@FirewallAPI.dll,-31252|"
"WMPNSS-In-TCP","String","v2.31|Action=Allow|Active=FALSE|Dir=In|Protocol=6|Profile=Private|Profile=Public|RA4=LocalSubnet|RA6=LocalSubnet|App=%PROGRAMFILES%\Windows Media Player\wmpnetwk.exe|Name=@FirewallAPI.dll,-31313|Desc=@FirewallAPI.dll,-31316|EmbedCtxt=@FirewallAPI.dll,-31252|"
"WMPNSS-WMP-In-UDP-NoScope","String","v2.31|Action=Allow|Active=FALSE|Dir=In|Protocol=17|Profile=Domain|App=%PROGRAMFILES%\Windows Media Player\wmplayer.exe|Name=@FirewallAPI.dll,-31293|Desc=@FirewallAPI.dll,-31296|EmbedCtxt=@FirewallAPI.dll,-31252|"
"WMPNSS-HTTPSTR-Out-TCP-NoScope","String","v2.31|Action=Allow|Active=FALSE|Dir=Out|Protocol=6|Profile=Domain|RPort=10243|App=System|Name=@FirewallAPI.dll,-31289|Desc=@FirewallAPI.dll,-31292|EmbedCtxt=@FirewallAPI.dll,-31252|"
"WMPNSS-WMP-In-UDP","String","v2.31|Action=Allow|Active=FALSE|Dir=In|Protocol=17|Profile=Private|Profile=Public|RA4=LocalSubnet|RA6=LocalSubnet|App=%PROGRAMFILES%\Windows Media Player\wmplayer.exe|Name=@FirewallAPI.dll,-31293|Desc=@FirewallAPI.dll,-31296|EmbedCtxt=@FirewallAPI.dll,-31252|"
"WMPNSS-SSDPSrv-Out-UDP","String","v2.31|Action=Allow|Active=FALSE|Dir=Out|Protocol=17|RPort=1900|RA4=LocalSubnet|RA6=LocalSubnet|App=%SystemRoot%\system32\svchost.exe|Svc=ssdpsrv|Name=@FirewallAPI.dll,-31273|Desc=@FirewallAPI.dll,-31276|EmbedCtxt=@FirewallAPI.dll,-31252|"
"WMPNSS-QWave-Out-TCP","String","v2.31|Action=Allow|Active=FALSE|Dir=Out|Protocol=6|Profile=Private|Profile=Public|RPort=2177|RA4=LocalSubnet|RA6=LocalSubnet|App=%SystemRoot%\system32\svchost.exe|Svc=Qwave|Name=@FirewallAPI.dll,-31265|Desc=@FirewallAPI.dll,-31268|EmbedCtxt=@FirewallAPI.dll,-31252|"
"WMPNSS-WMP-Out-TCP-NoScope","String","v2.31|Action=Allow|Active=FALSE|Dir=Out|Protocol=6|Profile=Domain|App=%PROGRAMFILES%\Windows Media Player\wmplayer.exe|Name=@FirewallAPI.dll,-31301|Desc=@FirewallAPI.dll,-31304|EmbedCtxt=@FirewallAPI.dll,-31252|"
"WMPNSS-UPnPHost-Out-TCP","String","v2.31|Action=Allow|Active=FALSE|Dir=Out|Protocol=6|RA4=LocalSubnet|RA6=LocalSubnet|App=System|Name=@FirewallAPI.dll,-31281|Desc=@FirewallAPI.dll,-31284|EmbedCtxt=@FirewallAPI.dll,-31252|"
"WMPNSS-SSDPSrv-In-UDP","String","v2.31|Action=Allow|Active=FALSE|Dir=In|Protocol=17|LPort=1900|RA4=LocalSubnet|RA6=LocalSubnet|App=%SystemRoot%\system32\svchost.exe|Svc=ssdpsrv|Name=@FirewallAPI.dll,-31269|Desc=@FirewallAPI.dll,-31272|EmbedCtxt=@FirewallAPI.dll,-31252|"
"WMPNSS-HTTPSTR-Out-TCP","String","v2.31|Action=Allow|Active=FALSE|Dir=Out|Protocol=6|Profile=Private|Profile=Public|RPort=10243|RA4=LocalSubnet|RA6=LocalSubnet|App=System|Name=@FirewallAPI.dll,-31289|Desc=@FirewallAPI.dll,-31292|EmbedCtxt=@FirewallAPI.dll,-31252|"
"WMPNSS-Out-UDP","String","v2.31|Action=Allow|Active=FALSE|Dir=Out|Protocol=17|Profile=Private|Profile=Public|RA4=LocalSubnet|RA6=LocalSubnet|App=%PROGRAMFILES%\Windows Media Player\wmpnetwk.exe|Name=@FirewallAPI.dll,-31309|Desc=@FirewallAPI.dll,-31312|EmbedCtxt=@FirewallAPI.dll,-31252|"
"WMPNSS-HTTPSTR-In-TCP","String","v2.31|Action=Allow|Active=FALSE|Dir=In|Protocol=6|Profile=Private|Profile=Public|LPort=10243|RA4=LocalSubnet|RA6=LocalSubnet|App=System|Name=@FirewallAPI.dll,-31285|Desc=@FirewallAPI.dll,-31288|EmbedCtxt=@FirewallAPI.dll,-31252|"
"WMPNSS-QWave-Out-UDP","String","v2.31|Action=Allow|Active=FALSE|Dir=Out|Protocol=17|Profile=Private|Profile=Public|RPort=2177|RA4=LocalSubnet|RA6=LocalSubnet|App=%SystemRoot%\system32\svchost.exe|Svc=Qwave|Name=@FirewallAPI.dll,-31257|Desc=@FirewallAPI.dll,-31260|EmbedCtxt=@FirewallAPI.dll,-31252|"
"WMPNSS-QWave-Out-UDP-NoScope","String","v2.31|Action=Allow|Active=FALSE|Dir=Out|Protocol=17|Profile=Domain|RPort=2177|App=%SystemRoot%\system32\svchost.exe|Svc=Qwave|Name=@FirewallAPI.dll,-31257|Desc=@FirewallAPI.dll,-31260|EmbedCtxt=@FirewallAPI.dll,-31252|"
"WMPNSS-QWave-Out-TCP-NoScope","String","v2.31|Action=Allow|Active=FALSE|Dir=Out|Protocol=6|Profile=Domain|RPort=2177|App=%SystemRoot%\system32\svchost.exe|Svc=Qwave|Name=@FirewallAPI.dll,-31265|Desc=@FirewallAPI.dll,-31268|EmbedCtxt=@FirewallAPI.dll,-31252|"
"WMPNSS-Out-TCP","String","v2.31|Action=Allow|Active=FALSE|Dir=Out|Protocol=6|Profile=Private|Profile=Public|RA4=LocalSubnet|RA6=LocalSubnet|App=%PROGRAMFILES%\Windows Media Player\wmpnetwk.exe|Name=@FirewallAPI.dll,-31317|Desc=@FirewallAPI.dll,-31320|EmbedCtxt=@FirewallAPI.dll,-31252|"
"WMPNSS-Out-UDP-NoScope","String","v2.31|Action=Allow|Active=FALSE|Dir=Out|Protocol=17|Profile=Domain|App=%PROGRAMFILES%\Windows Media Player\wmpnetwk.exe|Name=@FirewallAPI.dll,-31309|Desc=@FirewallAPI.dll,-31312|EmbedCtxt=@FirewallAPI.dll,-31252|"
"WMP-Out-TCP-x86","String","v2.31|Action=Allow|Active=FALSE|Dir=Out|Protocol=6|App=%ProgramFiles(x86)%\Windows Media Player\wmplayer.exe|Name=@FirewallAPI.dll,-31025|Desc=@FirewallAPI.dll,-31014|EmbedCtxt=@FirewallAPI.dll,-31002|"
"WMP-Out-UDP-x86","String","v2.31|Action=Allow|Active=FALSE|Dir=Out|Protocol=17|App=%ProgramFiles(x86)%\Windows Media Player\wmplayer.exe|Name=@FirewallAPI.dll,-31024|Desc=@FirewallAPI.dll,-31010|EmbedCtxt=@FirewallAPI.dll,-31002|"
"WMPNSS-WMP-Out-UDP","String","v2.31|Action=Allow|Active=FALSE|Dir=Out|Protocol=17|Profile=Private|Profile=Public|RA4=LocalSubnet|RA6=LocalSubnet|App=%PROGRAMFILES%\Windows Media Player\wmplayer.exe|Name=@FirewallAPI.dll,-31297|Desc=@FirewallAPI.dll,-31300|EmbedCtxt=@FirewallAPI.dll,-31252|"
"WMPNSS-HTTPSTR-In-TCP-NoScope","String","v2.31|Action=Allow|Active=FALSE|Dir=In|Protocol=6|Profile=Domain|LPort=10243|App=System|Name=@FirewallAPI.dll,-31285|Desc=@FirewallAPI.dll,-31288|EmbedCtxt=@FirewallAPI.dll,-31252|"
"WMP-Out-UDP","String","v2.31|Action=Allow|Active=FALSE|Dir=Out|Protocol=17|App=%ProgramFiles%\Windows Media Player\wmplayer.exe|Name=@FirewallAPI.dll,-31007|Desc=@FirewallAPI.dll,-31010|EmbedCtxt=@FirewallAPI.dll,-31002|"
"WMP-Out-TCP","String","v2.31|Action=Allow|Active=FALSE|Dir=Out|Protocol=6|App=%ProgramFiles%\Windows Media Player\wmplayer.exe|Name=@FirewallAPI.dll,-31011|Desc=@FirewallAPI.dll,-31014|EmbedCtxt=@FirewallAPI.dll,-31002|"
"WMPNSS-QWave-In-UDP-NoScope","String","v2.31|Action=Allow|Active=FALSE|Dir=In|Protocol=17|Profile=Domain|LPort=2177|App=%SystemRoot%\system32\svchost.exe|Svc=Qwave|Name=@FirewallAPI.dll,-31253|Desc=@FirewallAPI.dll,-31256|EmbedCtxt=@FirewallAPI.dll,-31252|"
"WMPNSS-Out-TCP-NoScope","String","v2.31|Action=Allow|Active=FALSE|Dir=Out|Protocol=6|Profile=Domain|App=%PROGRAMFILES%\Windows Media Player\wmpnetwk.exe|Name=@FirewallAPI.dll,-31317|Desc=@FirewallAPI.dll,-31320|EmbedCtxt=@FirewallAPI.dll,-31252|"
"{7C9F0965-960A-44E9-BD92-EE3CC7F52837}","String","v2.31|Action=Allow|Active=TRUE|Dir=Out|Profile=Domain|Profile=Private|Profile=Public|Name=@{Microsoft.Windows.CloudExperienceHost_10.0.20348.1_neutral_neutral_cw5n1h2txyewy?ms-resource://Microsoft.Windows.CloudExperienceHost/resources/appDescription}|Desc=@{Microsoft.Windows.CloudExperienceHost_10.0.20348.1_neutral_neutral_cw5n1h2txyewy?ms-resource://Microsoft.Windows.CloudExperienceHost/resources/appDescription}|LUOwn=S-1-5-21-3899889538-959366303-1534137795-500|AppPkgId=S-1-15-2-2434737943-167758768-3180539153-984336765-1107280622-3591121930-2677285773|EmbedCtxt=@{Microsoft.Windows.CloudExperienceHost_10.0.20348.1_neutral_neutral_cw5n1h2txyewy?ms-resource://Microsoft.Windows.CloudExperienceHost/resources/appDescription}|Platform=2:6:2|Platform2=GTEQ|"
"{79AD6B4B-AFAD-4ED1-BFA0-7496B390B2B9}","String","v2.31|Action=Allow|Active=TRUE|Dir=In|Profile=Domain|Profile=Private|Name=@{Microsoft.Windows.CloudExperienceHost_10.0.20348.1_neutral_neutral_cw5n1h2txyewy?ms-resource://Microsoft.Windows.CloudExperienceHost/resources/appDescription}|Desc=@{Microsoft.Windows.CloudExperienceHost_10.0.20348.1_neutral_neutral_cw5n1h2txyewy?ms-resource://Microsoft.Windows.CloudExperienceHost/resources/appDescription}|LUOwn=S-1-5-21-3899889538-959366303-1534137795-500|AppPkgId=S-1-15-2-2434737943-167758768-3180539153-984336765-1107280622-3591121930-2677285773|EmbedCtxt=@{Microsoft.Windows.CloudExperienceHost_10.0.20348.1_neutral_neutral_cw5n1h2txyewy?ms-resource://Microsoft.Windows.CloudExperienceHost/resources/appDescription}|Platform=2:6:2|Platform2=GTEQ|"
"{AC4F3AA8-E9D8-4C48-9C33-8AC08F95BE82}","String","v2.31|Action=Allow|Active=TRUE|Dir=Out|Profile=Domain|Profile=Private|Profile=Public|Name=@{Microsoft.AAD.BrokerPlugin_1000.19580.1000.0_neutral_neutral_cw5n1h2txyewy?ms-resource://Microsoft.AAD.BrokerPlugin/resources/PackageDisplayName}|Desc=@{Microsoft.AAD.BrokerPlugin_1000.19580.1000.0_neutral_neutral_cw5n1h2txyewy?ms-resource://Microsoft.AAD.BrokerPlugin/resources/PackageDisplayName}|LUOwn=S-1-5-21-3899889538-959366303-1534137795-500|AppPkgId=S-1-15-2-1910091885-1573563583-1104941280-2418270861-3411158377-2822700936-2990310272|EmbedCtxt=@{Microsoft.AAD.BrokerPlugin_1000.19580.1000.0_neutral_neutral_cw5n1h2txyewy?ms-resource://Microsoft.AAD.BrokerPlugin/resources/PackageDisplayName}|Platform=2:6:2|Platform2=GTEQ|"
"{05F0A71B-7086-4CB8-9E56-3DC529AF302D}","String","v2.31|Action=Allow|Active=TRUE|Dir=In|Profile=Domain|Profile=Private|Name=@{Microsoft.AAD.BrokerPlugin_1000.19580.1000.0_neutral_neutral_cw5n1h2txyewy?ms-resource://Microsoft.AAD.BrokerPlugin/resources/PackageDisplayName}|Desc=@{Microsoft.AAD.BrokerPlugin_1000.19580.1000.0_neutral_neutral_cw5n1h2txyewy?ms-resource://Microsoft.AAD.BrokerPlugin/resources/PackageDisplayName}|LUOwn=S-1-5-21-3899889538-959366303-1534137795-500|AppPkgId=S-1-15-2-1910091885-1573563583-1104941280-2418270861-3411158377-2822700936-2990310272|EmbedCtxt=@{Microsoft.AAD.BrokerPlugin_1000.19580.1000.0_neutral_neutral_cw5n1h2txyewy?ms-resource://Microsoft.AAD.BrokerPlugin/resources/PackageDisplayName}|Platform=2:6:2|Platform2=GTEQ|"
"{2CDEA7EC-7EA8-4E92-A0A2-4419F27A1C90}","String","v2.31|Action=Allow|Active=TRUE|Dir=Out|Profile=Domain|Profile=Private|Profile=Public|Name=@{Microsoft.Windows.OOBENetworkCaptivePortal_10.0.19580.1000_neutral__cw5n1h2txyewy?ms-resource://Microsoft.Windows.OOBENetworkCaptivePortal/Resources/AppDisplayName}|Desc=@{Microsoft.Windows.OOBENetworkCaptivePortal_10.0.19580.1000_neutral__cw5n1h2txyewy?ms-resource://Microsoft.Windows.OOBENetworkCaptivePortal/Resources/AppDisplayName}|LUOwn=S-1-5-21-3899889538-959366303-1534137795-500|AppPkgId=S-1-15-2-3119458392-1009845475-4083330090-3659807469-4003170139-1239840055-303833190|EmbedCtxt=@{Microsoft.Windows.OOBENetworkCaptivePortal_10.0.19580.1000_neutral__cw5n1h2txyewy?ms-resource://Microsoft.Windows.OOBENetworkCaptivePortal/Resources/AppDisplayName}|Platform=2:6:2|Platform2=GTEQ|"
"{8AB1727D-872A-4861-9303-30DFECCA15A5}","String","v2.31|Action=Allow|Active=TRUE|Dir=Out|Profile=Domain|Profile=Private|Profile=Public|Name=Windows Feature Experience Pack|Desc=Windows Feature Experience Pack|LUOwn=S-1-5-21-3899889538-959366303-1534137795-500|AppPkgId=S-1-15-2-283421221-3183566570-1718213290-751554359-3541592344-2312209569-3374928651|EmbedCtxt=Windows Feature Experience Pack|Platform=2:6:2|Platform2=GTEQ|"
"{B7121B75-F9BD-4804-A38F-F3CA2733DE2F}","String","v2.31|Action=Allow|Active=TRUE|Dir=Out|Profile=Domain|Profile=Private|Profile=Public|Name=@{Microsoft.Windows.StartMenuExperienceHost_10.0.20348.1_neutral_neutral_cw5n1h2txyewy?ms-resource://Microsoft.Windows.StartMenuExperienceHost/StartMenuExperienceHost/PkgDisplayName}|Desc=@{Microsoft.Windows.StartMenuExperienceHost_10.0.20348.1_neutral_neutral_cw5n1h2txyewy?ms-resource://Microsoft.Windows.StartMenuExperienceHost/StartMenuExperienceHost/PkgDisplayName}|LUOwn=S-1-5-21-3899889538-959366303-1534137795-500|AppPkgId=S-1-15-2-515815643-2845804217-1874292103-218650560-777617685-4287762684-137415000|EmbedCtxt=@{Microsoft.Windows.StartMenuExperienceHost_10.0.20348.1_neutral_neutral_cw5n1h2txyewy?ms-resource://Microsoft.Windows.StartMenuExperienceHost/StartMenuExperienceHost/PkgDisplayName}|Platform=2:6:2|Platform2=GTEQ|"
"{749E12C5-3B5E-44BB-BB9E-6F037B0AE1EB}","String","v2.31|Action=Allow|Active=TRUE|Dir=In|Profile=Domain|Profile=Private|Name=@{Microsoft.Windows.StartMenuExperienceHost_10.0.20348.1_neutral_neutral_cw5n1h2txyewy?ms-resource://Microsoft.Windows.StartMenuExperienceHost/StartMenuExperienceHost/PkgDisplayName}|Desc=@{Microsoft.Windows.StartMenuExperienceHost_10.0.20348.1_neutral_neutral_cw5n1h2txyewy?ms-resource://Microsoft.Windows.StartMenuExperienceHost/StartMenuExperienceHost/PkgDisplayName}|LUOwn=S-1-5-21-3899889538-959366303-1534137795-500|AppPkgId=S-1-15-2-515815643-2845804217-1874292103-218650560-777617685-4287762684-137415000|EmbedCtxt=@{Microsoft.Windows.StartMenuExperienceHost_10.0.20348.1_neutral_neutral_cw5n1h2txyewy?ms-resource://Microsoft.Windows.StartMenuExperienceHost/StartMenuExperienceHost/PkgDisplayName}|Platform=2:6:2|Platform2=GTEQ|"
"{B9FFE918-5EF5-488B-A299-CF08AAF1BCC1}","String","v2.31|Action=Allow|Active=TRUE|Dir=Out|Profile=Domain|Profile=Private|Profile=Public|Name=@{Microsoft.Windows.ShellExperienceHost_10.0.20348.1_neutral_neutral_cw5n1h2txyewy?ms-resource://Microsoft.Windows.ShellExperienceHost/resources/PkgDisplayName}|Desc=@{Microsoft.Windows.ShellExperienceHost_10.0.20348.1_neutral_neutral_cw5n1h2txyewy?ms-resource://Microsoft.Windows.ShellExperienceHost/resources/PkgDisplayName}|LUOwn=S-1-5-21-3899889538-959366303-1534137795-500|AppPkgId=S-1-15-2-155514346-2573954481-755741238-1654018636-1233331829-3075935687-2861478708|EmbedCtxt=@{Microsoft.Windows.ShellExperienceHost_10.0.20348.1_neutral_neutral_cw5n1h2txyewy?ms-resource://Microsoft.Windows.ShellExperienceHost/resources/PkgDisplayName}|Platform=2:6:2|Platform2=GTEQ|"
"{CBF80C9A-14AA-4448-9574-773AAE4EF13B}","String","v2.31|Action=Allow|Active=TRUE|Dir=Out|Profile=Domain|Profile=Private|Profile=Public|Name=@{Microsoft.Windows.Search_1.15.0.20348_neutral_neutral_cw5n1h2txyewy?ms-resource://Microsoft.Windows.Search/resources/PackageDisplayName}|Desc=@{Microsoft.Windows.Search_1.15.0.20348_neutral_neutral_cw5n1h2txyewy?ms-resource://Microsoft.Windows.Search/resources/ProductDescription}|LUOwn=S-1-5-21-3899889538-959366303-1534137795-500|AppPkgId=S-1-15-2-536077884-713174666-1066051701-3219990555-339840825-1966734348-1611281757|EmbedCtxt=@{Microsoft.Windows.Search_1.15.0.20348_neutral_neutral_cw5n1h2txyewy?ms-resource://Microsoft.Windows.Search/resources/PackageDisplayName}|Platform=2:6:2|Platform2=GTEQ|"
"{D36BBB54-D9D8-49CF-B896-176AD066C149}","String","v2.31|Action=Allow|Active=TRUE|Dir=In|Profile=Domain|Profile=Private|Name=@{Microsoft.Windows.Search_1.15.0.20348_neutral_neutral_cw5n1h2txyewy?ms-resource://Microsoft.Windows.Search/resources/PackageDisplayName}|Desc=@{Microsoft.Windows.Search_1.15.0.20348_neutral_neutral_cw5n1h2txyewy?ms-resource://Microsoft.Windows.Search/resources/ProductDescription}|LUOwn=S-1-5-21-3899889538-959366303-1534137795-500|AppPkgId=S-1-15-2-536077884-713174666-1066051701-3219990555-339840825-1966734348-1611281757|EmbedCtxt=@{Microsoft.Windows.Search_1.15.0.20348_neutral_neutral_cw5n1h2txyewy?ms-resource://Microsoft.Windows.Search/resources/PackageDisplayName}|Platform=2:6:2|Platform2=GTEQ|"
"{DB0D8201-5320-4198-A167-AEB33B46BA38}","String","v2.31|Action=Allow|Active=TRUE|Dir=Out|Profile=Domain|Profile=Private|Profile=Public|Name=@{Microsoft.Windows.SecHealthUI_10.0.20348.859_neutral__cw5n1h2txyewy?ms-resource://Microsoft.Windows.SecHealthUI/resources/PackageDisplayName}|Desc=@{Microsoft.Windows.SecHealthUI_10.0.20348.859_neutral__cw5n1h2txyewy?ms-resource://Microsoft.Windows.SecHealthUI/resources/ProductDescription}|LUOwn=S-1-5-21-3899889538-959366303-1534137795-500|AppPkgId=S-1-15-2-2668987081-2569674137-3179742174-4270009011-3803107086-2981642713-3349210623|EmbedCtxt=@{Microsoft.Windows.SecHealthUI_10.0.20348.859_neutral__cw5n1h2txyewy?ms-resource://Microsoft.Windows.SecHealthUI/resources/PackageDisplayName}|Platform=2:6:2|Platform2=GTEQ|"
"{F2B9492A-9356-4B12-841F-B9D5DA925B73}","String","v2.31|Action=Allow|Active=TRUE|Dir=In|Profile=Domain|Profile=Private|Name=@{Microsoft.Windows.SecHealthUI_10.0.20348.859_neutral__cw5n1h2txyewy?ms-resource://Microsoft.Windows.SecHealthUI/resources/PackageDisplayName}|Desc=@{Microsoft.Windows.SecHealthUI_10.0.20348.859_neutral__cw5n1h2txyewy?ms-resource://Microsoft.Windows.SecHealthUI/resources/ProductDescription}|LUOwn=S-1-5-21-3899889538-959366303-1534137795-500|AppPkgId=S-1-15-2-2668987081-2569674137-3179742174-4270009011-3803107086-2981642713-3349210623|EmbedCtxt=@{Microsoft.Windows.SecHealthUI_10.0.20348.859_neutral__cw5n1h2txyewy?ms-resource://Microsoft.Windows.SecHealthUI/resources/PackageDisplayName}|Platform=2:6:2|Platform2=GTEQ|"
"{4A6EF91F-374E-4763-AADB-0CFFED47E854}","String","v2.31|Action=Allow|Active=TRUE|Dir=Out|Profile=Domain|Profile=Private|Profile=Public|Name=@{Microsoft.Windows.PeopleExperienceHost_10.0.20348.1_neutral_neutral_cw5n1h2txyewy?ms-resource://Microsoft.Windows.PeopleExperienceHost/resources/PkgDisplayName}|Desc=@{Microsoft.Windows.PeopleExperienceHost_10.0.20348.1_neutral_neutral_cw5n1h2txyewy?ms-resource://Microsoft.Windows.PeopleExperienceHost/resources/PkgDisplayName}|LUOwn=S-1-5-21-3899889538-959366303-1534137795-500|AppPkgId=S-1-15-2-3911328773-608413955-1309177842-678056087-3306350038-3682494511-2300153425|EmbedCtxt=@{Microsoft.Windows.PeopleExperienceHost_10.0.20348.1_neutral_neutral_cw5n1h2txyewy?ms-resource://Microsoft.Windows.PeopleExperienceHost/resources/PkgDisplayName}|Platform=2:6:2|Platform2=GTEQ|"
"{A0787252-4A4A-45E2-8D17-59A8C6AA1B50}","String","v2.31|Action=Allow|Active=TRUE|Dir=Out|Profile=Domain|Profile=Private|Profile=Public|Name=@{Microsoft.Windows.NarratorQuickStart_10.0.20348.1_neutral_neutral_8wekyb3d8bbwe?ms-resource://Microsoft.Windows.NarratorQuickStart/Resources/AppDisplayName}|Desc=@{Microsoft.Windows.NarratorQuickStart_10.0.20348.1_neutral_neutral_8wekyb3d8bbwe?ms-resource://Microsoft.Windows.NarratorQuickStart/Resources/AppDescription}|LUOwn=S-1-5-21-3899889538-959366303-1534137795-500|AppPkgId=S-1-15-2-577703620-721806600-2575725278-1938300505-2177978512-2240326487-1220425747|EmbedCtxt=@{Microsoft.Windows.NarratorQuickStart_10.0.20348.1_neutral_neutral_8wekyb3d8bbwe?ms-resource://Microsoft.Windows.NarratorQuickStart/Resources/AppDisplayName}|Platform=2:6:2|Platform2=GTEQ|"
"{7DA5EB86-6A89-4CCF-B862-3F60B851667A}","String","v2.31|Action=Allow|Active=TRUE|Dir=Out|Profile=Domain|Profile=Private|Profile=Public|Name=@{Microsoft.Windows.Apprep.ChxApp_1000.20348.1.0_neutral_neutral_cw5n1h2txyewy?ms-resource://Microsoft.Windows.Apprep.ChxApp/resources/DisplayName}|Desc=@{Microsoft.Windows.Apprep.ChxApp_1000.20348.1.0_neutral_neutral_cw5n1h2txyewy?ms-resource://Microsoft.Windows.Apprep.ChxApp/resources/DisplayName}|LUOwn=S-1-5-21-3899889538-959366303-1534137795-500|AppPkgId=S-1-15-2-1255970798-2717750985-493741290-1721212560-3530798636-1829112236-3118580706|EmbedCtxt=@{Microsoft.Windows.Apprep.ChxApp_1000.20348.1.0_neutral_neutral_cw5n1h2txyewy?ms-resource://Microsoft.Windows.Apprep.ChxApp/resources/DisplayName}|Platform=2:6:2|Platform2=GTEQ|"
"{06099DBF-38E4-48BA-B7F1-5CC2983838B0}","String","v2.31|Action=Allow|Active=TRUE|Dir=Out|Profile=Domain|Profile=Private|Profile=Public|Name=@{Microsoft.Win32WebViewHost_10.0.20348.1_neutral_neutral_cw5n1h2txyewy?ms-resource://Windows.Win32WebViewHost/resources/DisplayName}|Desc=@{Microsoft.Win32WebViewHost_10.0.20348.1_neutral_neutral_cw5n1h2txyewy?ms-resource://Windows.Win32WebViewHost/resources/Description}|LUOwn=S-1-5-21-3899889538-959366303-1534137795-500|AppPkgId=S-1-15-2-1310292540-1029022339-4008023048-2190398717-53961996-4257829345-603366646|EmbedCtxt=@{Microsoft.Win32WebViewHost_10.0.20348.1_neutral_neutral_cw5n1h2txyewy?ms-resource://Windows.Win32WebViewHost/resources/DisplayName}|Platform=2:6:2|Platform2=GTEQ|"
"{6B848959-8A16-4497-A33F-E9A1295F8ABD}","String","v2.31|Action=Allow|Active=TRUE|Dir=In|Profile=Domain|Profile=Private|Profile=Public|Name=@{Microsoft.Win32WebViewHost_10.0.20348.1_neutral_neutral_cw5n1h2txyewy?ms-resource://Windows.Win32WebViewHost/resources/DisplayName}|Desc=@{Microsoft.Win32WebViewHost_10.0.20348.1_neutral_neutral_cw5n1h2txyewy?ms-resource://Windows.Win32WebViewHost/resources/Description}|LUOwn=S-1-5-21-3899889538-959366303-1534137795-500|AppPkgId=S-1-15-2-1310292540-1029022339-4008023048-2190398717-53961996-4257829345-603366646|EmbedCtxt=@{Microsoft.Win32WebViewHost_10.0.20348.1_neutral_neutral_cw5n1h2txyewy?ms-resource://Windows.Win32WebViewHost/resources/DisplayName}|Platform=2:6:2|Platform2=GTEQ|Edge=TRUE|"
"{753EF63E-EDDA-4D4E-A1CA-A72F4DC4225B}","String","v2.31|Action=Allow|Active=TRUE|Dir=Out|Profile=Domain|Profile=Private|Profile=Public|Name=@{Microsoft.LockApp_10.0.20348.1_neutral__cw5n1h2txyewy?ms-resource://Microsoft.LockApp/resources/AppDisplayName}|Desc=@{Microsoft.LockApp_10.0.20348.1_neutral__cw5n1h2txyewy?ms-resource://Microsoft.LockApp/resources/AppDisplayName}|LUOwn=S-1-5-21-3899889538-959366303-1534137795-500|AppPkgId=S-1-15-2-2758101530-1321080646-1475665648-4066602542-2880396197-3643791541-2654759312|EmbedCtxt=@{Microsoft.LockApp_10.0.20348.1_neutral__cw5n1h2txyewy?ms-resource://Microsoft.LockApp/resources/AppDisplayName}|Platform=2:6:2|Platform2=GTEQ|"
"{7B462E2D-EA56-4F9E-AB4F-4A66B5D666FF}","String","v2.31|Action=Allow|Active=TRUE|Dir=Out|Profile=Domain|Profile=Private|Profile=Public|Name=@{Microsoft.AccountsControl_10.0.20348.1_neutral__cw5n1h2txyewy?ms-resource://Microsoft.AccountsControl/Resources/DisplayName}|Desc=@{Microsoft.AccountsControl_10.0.20348.1_neutral__cw5n1h2txyewy?ms-resource://Microsoft.AccountsControl/Resources/DisplayName}|LUOwn=S-1-5-21-3899889538-959366303-1534137795-500|AppPkgId=S-1-15-2-969871995-3242822759-583047763-1618006129-3578262429-3647035748-2471858633|EmbedCtxt=@{Microsoft.AccountsControl_10.0.20348.1_neutral__cw5n1h2txyewy?ms-resource://Microsoft.AccountsControl/Resources/DisplayName}|Platform=2:6:2|Platform2=GTEQ|"
"{74D93385-4989-4283-8044-932DD04AC223}","String","v2.31|Action=Allow|Active=TRUE|Dir=In|Protocol=17|LPort=5353|App=C:\Program Files (x86)\Microsoft\Edge\Application\msedge.exe|Name=Microsoft Edge (mDNS-In)|Desc=Inbound rule for Microsoft Edge to allow mDNS traffic.|EmbedCtxt=Microsoft Edge|"
